nrg_bal;unit;geo;Geopolitical entity (reporting);TIME_PERIOD;OBS_VALUE
AFC;KTOE;AL;Albania;2004;2020.840
AFC;KTOE;AL;Albania;2005;1997.634
AFC;KTOE;AL;Albania;2006;1760.406
AFC;KTOE;AL;Albania;2007;1699.183
AFC;KTOE;AL;Albania;2008;1830.198
AFC;KTOE;AL;Albania;2009;1970.350
AFC;KTOE;AL;Albania;2010;2005.634
AFC;KTOE;AL;Albania;2011;2001.536
AFC;KTOE;AL;Albania;2012;1805.715
AFC;KTOE;AL;Albania;2013;2117.221
AFC;KTOE;AL;Albania;2014;2151.923
AFC;KTOE;AL;Albania;2015;2044.087
AFC;KTOE;AL;Albania;2016;2006.921
AFC;KTOE;AL;Albania;2017;2117.683
AFC;KTOE;AL;Albania;2018;2151.989
AFC;KTOE;AL;Albania;2019;2101.420
AFC;KTOE;AL;Albania;2020;1988.835
AFC;KTOE;AL;Albania;2021;2053.073
AFC;KTOE;AL;Albania;2022;1994.774
AFC;KTOE;AL;Albania;2023;1944.418
AFC;KTOE;AT;Austria;2004;26806.511
AFC;KTOE;AT;Austria;2005;27342.453
AFC;KTOE;AT;Austria;2006;27769.393
AFC;KTOE;AT;Austria;2007;27136.885
AFC;KTOE;AT;Austria;2008;27165.093
AFC;KTOE;AT;Austria;2009;26522.384
AFC;KTOE;AT;Austria;2010;27768.930
AFC;KTOE;AT;Austria;2011;26761.826
AFC;KTOE;AT;Austria;2012;27055.068
AFC;KTOE;AT;Austria;2013;27626.391
AFC;KTOE;AT;Austria;2014;26642.594
AFC;KTOE;AT;Austria;2015;27278.875
AFC;KTOE;AT;Austria;2016;27964.856
AFC;KTOE;AT;Austria;2017;28186.935
AFC;KTOE;AT;Austria;2018;27892.290
AFC;KTOE;AT;Austria;2019;28339.587
AFC;KTOE;AT;Austria;2020;27093.933
AFC;KTOE;AT;Austria;2021;28593.994
AFC;KTOE;AT;Austria;2022;26937.705
AFC;KTOE;AT;Austria;2023;26026.656
AFC;KTOE;BA;Bosnia and Herzegovina;2014;3257.588
AFC;KTOE;BA;Bosnia and Herzegovina;2015;3477.804
AFC;KTOE;BA;Bosnia and Herzegovina;2016;3622.705
AFC;KTOE;BA;Bosnia and Herzegovina;2017;3565.146
AFC;KTOE;BA;Bosnia and Herzegovina;2018;4311.445
AFC;KTOE;BA;Bosnia and Herzegovina;2019;4294.325
AFC;KTOE;BA;Bosnia and Herzegovina;2020;4129.598
AFC;KTOE;BA;Bosnia and Herzegovina;2021;4396.554
AFC;KTOE;BA;Bosnia and Herzegovina;2022;4384.844
AFC;KTOE;BA;Bosnia and Herzegovina;2023;4235.927
AFC;KTOE;BE;Belgium;2004;42120.703
AFC;KTOE;BE;Belgium;2005;41622.613
AFC;KTOE;BE;Belgium;2006;40286.971
AFC;KTOE;BE;Belgium;2007;38804.551
AFC;KTOE;BE;Belgium;2008;41696.261
AFC;KTOE;BE;Belgium;2009;39787.384
AFC;KTOE;BE;Belgium;2010;42983.415
AFC;KTOE;BE;Belgium;2011;39617.581
AFC;KTOE;BE;Belgium;2012;39175.135
AFC;KTOE;BE;Belgium;2013;41361.594
AFC;KTOE;BE;Belgium;2014;39728.547
AFC;KTOE;BE;Belgium;2015;40975.576
AFC;KTOE;BE;Belgium;2016;40922.957
AFC;KTOE;BE;Belgium;2017;40674.916
AFC;KTOE;BE;Belgium;2018;41095.643
AFC;KTOE;BE;Belgium;2019;40087.417
AFC;KTOE;BE;Belgium;2020;38245.772
AFC;KTOE;BE;Belgium;2021;40996.100
AFC;KTOE;BE;Belgium;2022;37112.622
AFC;KTOE;BE;Belgium;2023;36585.543
AFC;KTOE;BG;Bulgaria;2004;9984.239
AFC;KTOE;BG;Bulgaria;2005;10513.700
AFC;KTOE;BG;Bulgaria;2006;10927.892
AFC;KTOE;BG;Bulgaria;2007;10737.803
AFC;KTOE;BG;Bulgaria;2008;10740.204
AFC;KTOE;BG;Bulgaria;2009;9228.803
AFC;KTOE;BG;Bulgaria;2010;9238.942
AFC;KTOE;BG;Bulgaria;2011;9669.717
AFC;KTOE;BG;Bulgaria;2012;9599.231
AFC;KTOE;BG;Bulgaria;2013;9173.026
AFC;KTOE;BG;Bulgaria;2014;9495.222
AFC;KTOE;BG;Bulgaria;2015;10065.150
AFC;KTOE;BG;Bulgaria;2016;10039.888
AFC;KTOE;BG;Bulgaria;2017;10269.856
AFC;KTOE;BG;Bulgaria;2018;10381.904
AFC;KTOE;BG;Bulgaria;2019;10151.357
AFC;KTOE;BG;Bulgaria;2020;10183.195
AFC;KTOE;BG;Bulgaria;2021;10823.270
AFC;KTOE;BG;Bulgaria;2022;10265.610
AFC;KTOE;BG;Bulgaria;2023;9991.576
AFC;KTOE;CY;Cyprus;2004;1489.410
AFC;KTOE;CY;Cyprus;2005;1492.137
AFC;KTOE;CY;Cyprus;2006;1577.224
AFC;KTOE;CY;Cyprus;2007;1667.790
AFC;KTOE;CY;Cyprus;2008;1793.151
AFC;KTOE;CY;Cyprus;2009;1732.284
AFC;KTOE;CY;Cyprus;2010;1693.996
AFC;KTOE;CY;Cyprus;2011;1626.447
AFC;KTOE;CY;Cyprus;2012;1519.766
AFC;KTOE;CY;Cyprus;2013;1386.031
AFC;KTOE;CY;Cyprus;2014;1410.442
AFC;KTOE;CY;Cyprus;2015;1437.817
AFC;KTOE;CY;Cyprus;2016;1513.183
AFC;KTOE;CY;Cyprus;2017;1590.235
AFC;KTOE;CY;Cyprus;2018;1634.286
AFC;KTOE;CY;Cyprus;2019;1663.130
AFC;KTOE;CY;Cyprus;2020;1568.352
AFC;KTOE;CY;Cyprus;2021;1622.706
AFC;KTOE;CY;Cyprus;2022;1669.537
AFC;KTOE;CY;Cyprus;2023;1682.805
AFC;KTOE;CZ;Czechia;2004;28281.397
AFC;KTOE;CZ;Czechia;2005;28193.215
AFC;KTOE;CZ;Czechia;2006;28554.290
AFC;KTOE;CZ;Czechia;2007;28213.743
AFC;KTOE;CZ;Czechia;2008;27975.204
AFC;KTOE;CZ;Czechia;2009;26139.963
AFC;KTOE;CZ;Czechia;2010;27745.867
AFC;KTOE;CZ;Czechia;2011;25849.158
AFC;KTOE;CZ;Czechia;2012;25778.114
AFC;KTOE;CZ;Czechia;2013;26475.768
AFC;KTOE;CZ;Czechia;2014;25236.720
AFC;KTOE;CZ;Czechia;2015;25906.999
AFC;KTOE;CZ;Czechia;2016;25881.450
AFC;KTOE;CZ;Czechia;2017;27345.690
AFC;KTOE;CZ;Czechia;2018;27163.345
AFC;KTOE;CZ;Czechia;2019;27151.005
AFC;KTOE;CZ;Czechia;2020;26112.484
AFC;KTOE;CZ;Czechia;2021;28249.922
AFC;KTOE;CZ;Czechia;2022;27183.080
AFC;KTOE;CZ;Czechia;2023;25304.997
AFC;KTOE;DE;Germany;2004;236848.300
AFC;KTOE;DE;Germany;2005;235941.059
AFC;KTOE;DE;Germany;2006;243618.270
AFC;KTOE;DE;Germany;2007;227141.243
AFC;KTOE;DE;Germany;2008;233613.955
AFC;KTOE;DE;Germany;2009;220558.997
AFC;KTOE;DE;Germany;2010;233131.667
AFC;KTOE;DE;Germany;2011;222082.948
AFC;KTOE;DE;Germany;2012;222452.550
AFC;KTOE;DE;Germany;2013;230353.675
AFC;KTOE;DE;Germany;2014;218966.961
AFC;KTOE;DE;Germany;2015;220828.704
AFC;KTOE;DE;Germany;2016;223485.083
AFC;KTOE;DE;Germany;2017;228672.699
AFC;KTOE;DE;Germany;2018;224061.003
AFC;KTOE;DE;Germany;2019;225460.935
AFC;KTOE;DE;Germany;2020;214491.428
AFC;KTOE;DE;Germany;2021;219128.561
AFC;KTOE;DE;Germany;2022;208137.084
AFC;KTOE;DE;Germany;2023;193874.882
AFC;KTOE;DK;Denmark;2004;14862.504
AFC;KTOE;DK;Denmark;2005;14674.401
AFC;KTOE;DK;Denmark;2006;14971.891
AFC;KTOE;DK;Denmark;2007;15053.851
AFC;KTOE;DK;Denmark;2008;14598.923
AFC;KTOE;DK;Denmark;2009;14096.974
AFC;KTOE;DK;Denmark;2010;14928.955
AFC;KTOE;DK;Denmark;2011;14135.026
AFC;KTOE;DK;Denmark;2012;13827.596
AFC;KTOE;DK;Denmark;2013;13691.179
AFC;KTOE;DK;Denmark;2014;13051.913
AFC;KTOE;DK;Denmark;2015;13455.633
AFC;KTOE;DK;Denmark;2016;13864.100
AFC;KTOE;DK;Denmark;2017;14119.648
AFC;KTOE;DK;Denmark;2018;14144.166
AFC;KTOE;DK;Denmark;2019;13984.303
AFC;KTOE;DK;Denmark;2020;13532.556
AFC;KTOE;DK;Denmark;2021;13961.952
AFC;KTOE;DK;Denmark;2022;13183.793
AFC;KTOE;DK;Denmark;2023;13166.332
AFC;KTOE;EE;Estonia;2004;3040.867
AFC;KTOE;EE;Estonia;2005;3177.948
AFC;KTOE;EE;Estonia;2006;3277.887
AFC;KTOE;EE;Estonia;2007;3705.365
AFC;KTOE;EE;Estonia;2008;3221.668
AFC;KTOE;EE;Estonia;2009;2411.121
AFC;KTOE;EE;Estonia;2010;3137.385
AFC;KTOE;EE;Estonia;2011;2951.098
AFC;KTOE;EE;Estonia;2012;2674.186
AFC;KTOE;EE;Estonia;2013;3009.947
AFC;KTOE;EE;Estonia;2014;2814.422
AFC;KTOE;EE;Estonia;2015;2451.773
AFC;KTOE;EE;Estonia;2016;3341.331
AFC;KTOE;EE;Estonia;2017;3053.725
AFC;KTOE;EE;Estonia;2018;2963.180
AFC;KTOE;EE;Estonia;2019;2965.079
AFC;KTOE;EE;Estonia;2020;2955.812
AFC;KTOE;EE;Estonia;2021;2949.449
AFC;KTOE;EE;Estonia;2022;2860.786
AFC;KTOE;EE;Estonia;2023;2625.710
AFC;KTOE;EL;Greece;2004;20524.418
AFC;KTOE;EL;Greece;2005;20824.358
AFC;KTOE;EL;Greece;2006;20988.994
AFC;KTOE;EL;Greece;2007;20243.690
AFC;KTOE;EL;Greece;2008;20976.315
AFC;KTOE;EL;Greece;2009;20377.681
AFC;KTOE;EL;Greece;2010;19164.179
AFC;KTOE;EL;Greece;2011;18270.382
AFC;KTOE;EL;Greece;2012;17799.957
AFC;KTOE;EL;Greece;2013;15090.354
AFC;KTOE;EL;Greece;2014;15694.015
AFC;KTOE;EL;Greece;2015;16546.162
AFC;KTOE;EL;Greece;2016;16871.347
AFC;KTOE;EL;Greece;2017;16676.140
AFC;KTOE;EL;Greece;2018;15797.251
AFC;KTOE;EL;Greece;2019;16403.850
AFC;KTOE;EL;Greece;2020;14545.707
AFC;KTOE;EL;Greece;2021;14990.137
AFC;KTOE;EL;Greece;2022;15624.450
AFC;KTOE;EL;Greece;2023;15206.388
AFC;KTOE;ES;Spain;2004;99513.152
AFC;KTOE;ES;Spain;2005;101803.193
AFC;KTOE;ES;Spain;2006;99338.466
AFC;KTOE;ES;Spain;2007;101854.538
AFC;KTOE;ES;Spain;2008;98348.504
AFC;KTOE;ES;Spain;2009;91289.327
AFC;KTOE;ES;Spain;2010;91448.755
AFC;KTOE;ES;Spain;2011;89079.400
AFC;KTOE;ES;Spain;2012;85039.853
AFC;KTOE;ES;Spain;2013;80636.618
AFC;KTOE;ES;Spain;2014;77407.766
AFC;KTOE;ES;Spain;2015;79713.019
AFC;KTOE;ES;Spain;2016;82151.026
AFC;KTOE;ES;Spain;2017;86137.132
AFC;KTOE;ES;Spain;2018;87967.519
AFC;KTOE;ES;Spain;2019;86979.964
AFC;KTOE;ES;Spain;2020;78544.757
AFC;KTOE;ES;Spain;2021;84635.335
AFC;KTOE;ES;Spain;2022;83190.411
AFC;KTOE;ES;Spain;2023;82508.408
AFC;KTOE;EU27_2020;European Union - 27 countries (from 2020);2004;1083354.179
AFC;KTOE;EU27_2020;European Union - 27 countries (from 2020);2005;1091476.643
AFC;KTOE;EU27_2020;European Union - 27 countries (from 2020);2006;1096136.909
AFC;KTOE;EU27_2020;European Union - 27 countries (from 2020);2007;1075449.063
AFC;KTOE;EU27_2020;European Union - 27 countries (from 2020);2008;1083157.467
AFC;KTOE;EU27_2020;European Union - 27 countries (from 2020);2009;1030219.507
AFC;KTOE;EU27_2020;European Union - 27 countries (from 2020);2010;1073702.664
AFC;KTOE;EU27_2020;European Union - 27 countries (from 2020);2011;1032188.554
AFC;KTOE;EU27_2020;European Union - 27 countries (from 2020);2012;1018280.996
AFC;KTOE;EU27_2020;European Union - 27 countries (from 2020);2013;1019970.545
AFC;KTOE;EU27_2020;European Union - 27 countries (from 2020);2014;976408.013
AFC;KTOE;EU27_2020;European Union - 27 countries (from 2020);2015;994001.057
AFC;KTOE;EU27_2020;European Union - 27 countries (from 2020);2016;1013529.120
AFC;KTOE;EU27_2020;European Union - 27 countries (from 2020);2017;1039916.516
AFC;KTOE;EU27_2020;European Union - 27 countries (from 2020);2018;1038636.366
AFC;KTOE;EU27_2020;European Union - 27 countries (from 2020);2019;1031962.020
AFC;KTOE;EU27_2020;European Union - 27 countries (from 2020);2020;976416.835
AFC;KTOE;EU27_2020;European Union - 27 countries (from 2020);2021;1030563.599
AFC;KTOE;EU27_2020;European Union - 27 countries (from 2020);2022;972205.257
AFC;KTOE;EU27_2020;European Union - 27 countries (from 2020);2023;941956.381
AFC;KTOE;FI;Finland;2004;26375.823
AFC;KTOE;FI;Finland;2005;25264.459
AFC;KTOE;FI;Finland;2006;26421.187
AFC;KTOE;FI;Finland;2007;26377.103
AFC;KTOE;FI;Finland;2008;25729.553
AFC;KTOE;FI;Finland;2009;24009.283
AFC;KTOE;FI;Finland;2010;26307.000
AFC;KTOE;FI;Finland;2011;25468.471
AFC;KTOE;FI;Finland;2012;25150.448
AFC;KTOE;FI;Finland;2013;24100.857
AFC;KTOE;FI;Finland;2014;25167.909
AFC;KTOE;FI;Finland;2015;24057.468
AFC;KTOE;FI;Finland;2016;25141.874
AFC;KTOE;FI;Finland;2017;25965.142
AFC;KTOE;FI;Finland;2018;26357.591
AFC;KTOE;FI;Finland;2019;25716.038
AFC;KTOE;FI;Finland;2020;24703.930
AFC;KTOE;FI;Finland;2021;25696.834
AFC;KTOE;FI;Finland;2022;24284.424
AFC;KTOE;FI;Finland;2023;23947.811
AFC;KTOE;FR;France;2004;168408.388
AFC;KTOE;FR;France;2005;166938.583
AFC;KTOE;FR;France;2006;164416.625
AFC;KTOE;FR;France;2007;161699.616
AFC;KTOE;FR;France;2008;163470.262
AFC;KTOE;FR;France;2009;157302.049
AFC;KTOE;FR;France;2010;161508.816
AFC;KTOE;FR;France;2011;155629.417
AFC;KTOE;FR;France;2012;159713.510
AFC;KTOE;FR;France;2013;162213.079
AFC;KTOE;FR;France;2014;152411.043
AFC;KTOE;FR;France;2015;156385.717
AFC;KTOE;FR;France;2016;157546.566
AFC;KTOE;FR;France;2017;157250.356
AFC;KTOE;FR;France;2018;154500.695
AFC;KTOE;FR;France;2019;154078.898
AFC;KTOE;FR;France;2020;141402.039
AFC;KTOE;FR;France;2021;152610.769
AFC;KTOE;FR;France;2022;143038.466
AFC;KTOE;FR;France;2023;140450.994
AFC;KTOE;GE;Georgia;2013;3729.627
AFC;KTOE;GE;Georgia;2014;3981.288
AFC;KTOE;GE;Georgia;2015;4162.566
AFC;KTOE;GE;Georgia;2016;4399.992
AFC;KTOE;GE;Georgia;2017;4462.032
AFC;KTOE;GE;Georgia;2018;4414.241
AFC;KTOE;GE;Georgia;2019;4591.701
AFC;KTOE;GE;Georgia;2020;4486.584
AFC;KTOE;GE;Georgia;2021;4897.317
AFC;KTOE;GE;Georgia;2022;5181.983
AFC;KTOE;GE;Georgia;2023;5125.230
AFC;KTOE;HR;Croatia;2004;7637.192
AFC;KTOE;HR;Croatia;2005;7841.930
AFC;KTOE;HR;Croatia;2006;7834.132
AFC;KTOE;HR;Croatia;2007;7918.540
AFC;KTOE;HR;Croatia;2008;8022.905
AFC;KTOE;HR;Croatia;2009;7703.484
AFC;KTOE;HR;Croatia;2010;7727.569
AFC;KTOE;HR;Croatia;2011;7473.520
AFC;KTOE;HR;Croatia;2012;7092.844
AFC;KTOE;HR;Croatia;2013;7007.473
AFC;KTOE;HR;Croatia;2014;6671.967
AFC;KTOE;HR;Croatia;2015;7016.573
AFC;KTOE;HR;Croatia;2016;7049.521
AFC;KTOE;HR;Croatia;2017;7328.457
AFC;KTOE;HR;Croatia;2018;7169.205
AFC;KTOE;HR;Croatia;2019;7289.787
AFC;KTOE;HR;Croatia;2020;6964.498
AFC;KTOE;HR;Croatia;2021;7300.983
AFC;KTOE;HR;Croatia;2022;6912.119
AFC;KTOE;HR;Croatia;2023;7221.552
AFC;KTOE;HU;Hungary;2004;18678.865
AFC;KTOE;HU;Hungary;2005;20331.577
AFC;KTOE;HU;Hungary;2006;20069.291
AFC;KTOE;HU;Hungary;2007;19106.805
AFC;KTOE;HU;Hungary;2008;18897.916
AFC;KTOE;HU;Hungary;2009;18425.595
AFC;KTOE;HU;Hungary;2010;18860.883
AFC;KTOE;HU;Hungary;2011;18600.261
AFC;KTOE;HU;Hungary;2012;17784.801
AFC;KTOE;HU;Hungary;2013;17552.449
AFC;KTOE;HU;Hungary;2014;17277.269
AFC;KTOE;HU;Hungary;2015;18537.076
AFC;KTOE;HU;Hungary;2016;18899.277
AFC;KTOE;HU;Hungary;2017;19790.711
AFC;KTOE;HU;Hungary;2018;19858.403
AFC;KTOE;HU;Hungary;2019;19941.603
AFC;KTOE;HU;Hungary;2020;19682.796
AFC;KTOE;HU;Hungary;2021;21175.297
AFC;KTOE;HU;Hungary;2022;19723.758
AFC;KTOE;HU;Hungary;2023;18633.751
AFC;KTOE;IE;Ireland;2004;10977.680
AFC;KTOE;IE;Ireland;2005;11153.209
AFC;KTOE;IE;Ireland;2006;11482.003
AFC;KTOE;IE;Ireland;2007;11768.393
AFC;KTOE;IE;Ireland;2008;11833.268
AFC;KTOE;IE;Ireland;2009;11662.459
AFC;KTOE;IE;Ireland;2010;11285.893
AFC;KTOE;IE;Ireland;2011;10504.931
AFC;KTOE;IE;Ireland;2012;10610.554
AFC;KTOE;IE;Ireland;2013;10048.631
AFC;KTOE;IE;Ireland;2014;10120.548
AFC;KTOE;IE;Ireland;2015;10769.585
AFC;KTOE;IE;Ireland;2016;11305.290
AFC;KTOE;IE;Ireland;2017;11188.170
AFC;KTOE;IE;Ireland;2018;11362.327
AFC;KTOE;IE;Ireland;2019;11564.112
AFC;KTOE;IE;Ireland;2020;11137.204
AFC;KTOE;IE;Ireland;2021;11348.655
AFC;KTOE;IE;Ireland;2022;11192.323
AFC;KTOE;IE;Ireland;2023;11227.478
AFC;KTOE;IS;Iceland;2004;2035.623
AFC;KTOE;IS;Iceland;2005;2049.610
AFC;KTOE;IS;Iceland;2006;2218.314
AFC;KTOE;IS;Iceland;2007;2388.613
AFC;KTOE;IS;Iceland;2008;2904.519
AFC;KTOE;IS;Iceland;2009;2897.638
AFC;KTOE;IS;Iceland;2010;2534.560
AFC;KTOE;IS;Iceland;2011;2530.706
AFC;KTOE;IS;Iceland;2012;2613.699
AFC;KTOE;IS;Iceland;2013;2721.257
AFC;KTOE;IS;Iceland;2014;2717.469
AFC;KTOE;IS;Iceland;2015;2866.124
AFC;KTOE;IS;Iceland;2016;2937.394
AFC;KTOE;IS;Iceland;2017;3044.775
AFC;KTOE;IS;Iceland;2018;3169.289
AFC;KTOE;IS;Iceland;2019;3092.550
AFC;KTOE;IS;Iceland;2020;3038.628
AFC;KTOE;IS;Iceland;2021;3048.092
AFC;KTOE;IS;Iceland;2022;3266.738
AFC;KTOE;IS;Iceland;2023;3222.167
AFC;KTOE;IT;Italy;2004;135176.218
AFC;KTOE;IT;Italy;2005;139591.535
AFC;KTOE;IT;Italy;2006;136836.710
AFC;KTOE;IT;Italy;2007;136553.031
AFC;KTOE;IT;Italy;2008;136883.601
AFC;KTOE;IT;Italy;2009;130821.747
AFC;KTOE;IT;Italy;2010;131727.701
AFC;KTOE;IT;Italy;2011;125611.847
AFC;KTOE;IT;Italy;2012;121870.070
AFC;KTOE;IT;Italy;2013;120699.527
AFC;KTOE;IT;Italy;2014;113957.890
AFC;KTOE;IT;Italy;2015;117628.883
AFC;KTOE;IT;Italy;2016;116754.218
AFC;KTOE;IT;Italy;2017;121173.803
AFC;KTOE;IT;Italy;2018;119828.284
AFC;KTOE;IT;Italy;2019;118662.685
AFC;KTOE;IT;Italy;2020;109277.762
AFC;KTOE;IT;Italy;2021;120207.555
AFC;KTOE;IT;Italy;2022;111401.460
AFC;KTOE;IT;Italy;2023;108976.101
AFC;KTOE;LT;Lithuania;2004;5075.145
AFC;KTOE;LT;Lithuania;2005;5344.831
AFC;KTOE;LT;Lithuania;2006;5642.674
AFC;KTOE;LT;Lithuania;2007;6366.457
AFC;KTOE;LT;Lithuania;2008;6180.768
AFC;KTOE;LT;Lithuania;2009;5278.816
AFC;KTOE;LT;Lithuania;2010;5419.572
AFC;KTOE;LT;Lithuania;2011;5880.229
AFC;KTOE;LT;Lithuania;2012;5998.061
AFC;KTOE;LT;Lithuania;2013;5661.274
AFC;KTOE;LT;Lithuania;2014;5807.831
AFC;KTOE;LT;Lithuania;2015;5895.520
AFC;KTOE;LT;Lithuania;2016;6047.724
AFC;KTOE;LT;Lithuania;2017;6434.108
AFC;KTOE;LT;Lithuania;2018;6596.097
AFC;KTOE;LT;Lithuania;2019;6645.976
AFC;KTOE;LT;Lithuania;2020;6429.750
AFC;KTOE;LT;Lithuania;2021;6680.085
AFC;KTOE;LT;Lithuania;2022;6015.464
AFC;KTOE;LT;Lithuania;2023;5995.682
AFC;KTOE;LU;Luxembourg;2004;4009.107
AFC;KTOE;LU;Luxembourg;2005;4095.811
AFC;KTOE;LU;Luxembourg;2006;4032.707
AFC;KTOE;LU;Luxembourg;2007;3931.928
AFC;KTOE;LU;Luxembourg;2008;3968.429
AFC;KTOE;LU;Luxembourg;2009;3686.988
AFC;KTOE;LU;Luxembourg;2010;3927.551
AFC;KTOE;LU;Luxembourg;2011;3925.910
AFC;KTOE;LU;Luxembourg;2012;3837.954
AFC;KTOE;LU;Luxembourg;2013;3788.533
AFC;KTOE;LU;Luxembourg;2014;3631.791
AFC;KTOE;LU;Luxembourg;2015;3566.742
AFC;KTOE;LU;Luxembourg;2016;3568.444
AFC;KTOE;LU;Luxembourg;2017;3641.419
AFC;KTOE;LU;Luxembourg;2018;3776.528
AFC;KTOE;LU;Luxembourg;2019;3831.007
AFC;KTOE;LU;Luxembourg;2020;3297.640
AFC;KTOE;LU;Luxembourg;2021;3470.220
AFC;KTOE;LU;Luxembourg;2022;3052.299
AFC;KTOE;LU;Luxembourg;2023;2959.247
AFC;KTOE;LV;Latvia;2004;3918.949
AFC;KTOE;LV;Latvia;2005;4049.356
AFC;KTOE;LV;Latvia;2006;4247.082
AFC;KTOE;LV;Latvia;2007;4387.911
AFC;KTOE;LV;Latvia;2008;4175.344
AFC;KTOE;LV;Latvia;2009;4011.172
AFC;KTOE;LV;Latvia;2010;4055.215
AFC;KTOE;LV;Latvia;2011;3827.173
AFC;KTOE;LV;Latvia;2012;3993.707
AFC;KTOE;LV;Latvia;2013;3838.375
AFC;KTOE;LV;Latvia;2014;3878.454
AFC;KTOE;LV;Latvia;2015;3785.857
AFC;KTOE;LV;Latvia;2016;3784.047
AFC;KTOE;LV;Latvia;2017;3949.299
AFC;KTOE;LV;Latvia;2018;4106.644
AFC;KTOE;LV;Latvia;2019;3967.456
AFC;KTOE;LV;Latvia;2020;3874.179
AFC;KTOE;LV;Latvia;2021;4066.624
AFC;KTOE;LV;Latvia;2022;3878.127
AFC;KTOE;LV;Latvia;2023;3857.407
AFC;KTOE;MD;Moldova;2010;2298.452
AFC;KTOE;MD;Moldova;2011;2366.758
AFC;KTOE;MD;Moldova;2012;2315.008
AFC;KTOE;MD;Moldova;2013;2338.497
AFC;KTOE;MD;Moldova;2014;2344.118
AFC;KTOE;MD;Moldova;2015;2393.517
AFC;KTOE;MD;Moldova;2016;2494.420
AFC;KTOE;MD;Moldova;2017;2626.080
AFC;KTOE;MD;Moldova;2018;2749.308
AFC;KTOE;MD;Moldova;2019;2637.391
AFC;KTOE;MD;Moldova;2020;2553.455
AFC;KTOE;MD;Moldova;2021;2821.691
AFC;KTOE;MD;Moldova;2022;2494.541
AFC;KTOE;MD;Moldova;2023;2383.419
AFC;KTOE;ME;Montenegro;2005;769.496
AFC;KTOE;ME;Montenegro;2006;855.078
AFC;KTOE;ME;Montenegro;2007;899.858
AFC;KTOE;ME;Montenegro;2008;890.720
AFC;KTOE;ME;Montenegro;2009;760.134
AFC;KTOE;ME;Montenegro;2010;754.582
AFC;KTOE;ME;Montenegro;2011;759.985
AFC;KTOE;ME;Montenegro;2012;729.050
AFC;KTOE;ME;Montenegro;2013;665.834
AFC;KTOE;ME;Montenegro;2014;656.071
AFC;KTOE;ME;Montenegro;2015;701.411
AFC;KTOE;ME;Montenegro;2016;728.851
AFC;KTOE;ME;Montenegro;2017;774.512
AFC;KTOE;ME;Montenegro;2018;779.190
AFC;KTOE;ME;Montenegro;2019;801.767
AFC;KTOE;ME;Montenegro;2020;725.175
AFC;KTOE;ME;Montenegro;2021;822.721
AFC;KTOE;ME;Montenegro;2022;774.457
AFC;KTOE;ME;Montenegro;2023;782.558
AFC;KTOE;MK;North Macedonia;2004;1637.465
AFC;KTOE;MK;North Macedonia;2005;1785.850
AFC;KTOE;MK;North Macedonia;2006;1781.290
AFC;KTOE;MK;North Macedonia;2007;1893.049
AFC;KTOE;MK;North Macedonia;2008;1816.732
AFC;KTOE;MK;North Macedonia;2009;1706.586
AFC;KTOE;MK;North Macedonia;2010;1833.158
AFC;KTOE;MK;North Macedonia;2011;1951.184
AFC;KTOE;MK;North Macedonia;2012;1908.020
AFC;KTOE;MK;North Macedonia;2013;1866.919
AFC;KTOE;MK;North Macedonia;2014;1852.559
AFC;KTOE;MK;North Macedonia;2015;1876.317
AFC;KTOE;MK;North Macedonia;2016;1991.517
AFC;KTOE;MK;North Macedonia;2017;1953.843
AFC;KTOE;MK;North Macedonia;2018;1859.119
AFC;KTOE;MK;North Macedonia;2019;2010.840
AFC;KTOE;MK;North Macedonia;2020;1870.981
AFC;KTOE;MK;North Macedonia;2021;1996.617
AFC;KTOE;MK;North Macedonia;2022;1834.678
AFC;KTOE;MK;North Macedonia;2023;1853.390
AFC;KTOE;MT;Malta;2004;350.451
AFC;KTOE;MT;Malta;2005;395.940
AFC;KTOE;MT;Malta;2006;389.400
AFC;KTOE;MT;Malta;2007;396.470
AFC;KTOE;MT;Malta;2008;422.676
AFC;KTOE;MT;Malta;2009;372.055
AFC;KTOE;MT;Malta;2010;415.200
AFC;KTOE;MT;Malta;2011;399.282
AFC;KTOE;MT;Malta;2012;419.933
AFC;KTOE;MT;Malta;2013;428.264
AFC;KTOE;MT;Malta;2014;444.634
AFC;KTOE;MT;Malta;2015;460.763
AFC;KTOE;MT;Malta;2016;460.995
AFC;KTOE;MT;Malta;2017;502.636
AFC;KTOE;MT;Malta;2018;526.411
AFC;KTOE;MT;Malta;2019;561.266
AFC;KTOE;MT;Malta;2020;506.308
AFC;KTOE;MT;Malta;2021;541.176
AFC;KTOE;MT;Malta;2022;604.090
AFC;KTOE;MT;Malta;2023;599.800
AFC;KTOE;NL;Netherlands;2004;62852.872
AFC;KTOE;NL;Netherlands;2005;61795.091
AFC;KTOE;NL;Netherlands;2006;62018.149
AFC;KTOE;NL;Netherlands;2007;60992.355
AFC;KTOE;NL;Netherlands;2008;60652.393
AFC;KTOE;NL;Netherlands;2009;59534.059
AFC;KTOE;NL;Netherlands;2010;64528.123
AFC;KTOE;NL;Netherlands;2011;59571.925
AFC;KTOE;NL;Netherlands;2012;60071.548
AFC;KTOE;NL;Netherlands;2013;59343.898
AFC;KTOE;NL;Netherlands;2014;54493.139
AFC;KTOE;NL;Netherlands;2015;55145.751
AFC;KTOE;NL;Netherlands;2016;56872.232
AFC;KTOE;NL;Netherlands;2017;58249.520
AFC;KTOE;NL;Netherlands;2018;57880.620
AFC;KTOE;NL;Netherlands;2019;56258.934
AFC;KTOE;NL;Netherlands;2020;55218.562
AFC;KTOE;NL;Netherlands;2021;56429.920
AFC;KTOE;NL;Netherlands;2022;49410.753
AFC;KTOE;NL;Netherlands;2023;48825.428
AFC;KTOE;NO;Norway;2004;23279.036
AFC;KTOE;NO;Norway;2005;23914.670
AFC;KTOE;NO;Norway;2006;24098.887
AFC;KTOE;NO;Norway;2007;22162.883
AFC;KTOE;NO;Norway;2008;24377.842
AFC;KTOE;NO;Norway;2009;23946.789
AFC;KTOE;NO;Norway;2010;25142.096
AFC;KTOE;NO;Norway;2011;21148.715
AFC;KTOE;NO;Norway;2012;22908.242
AFC;KTOE;NO;Norway;2013;24499.261
AFC;KTOE;NO;Norway;2014;22096.480
AFC;KTOE;NO;Norway;2015;19191.178
AFC;KTOE;NO;Norway;2016;21942.096
AFC;KTOE;NO;Norway;2017;22608.505
AFC;KTOE;NO;Norway;2018;23214.671
AFC;KTOE;NO;Norway;2019;21659.309
AFC;KTOE;NO;Norway;2020;22277.263
AFC;KTOE;NO;Norway;2021;22810.388
AFC;KTOE;NO;Norway;2022;20391.986
AFC;KTOE;NO;Norway;2023;21739.373
AFC;KTOE;PL;Poland;2004;60234.739
AFC;KTOE;PL;Poland;2005;61700.316
AFC;KTOE;PL;Poland;2006;65210.244
AFC;KTOE;PL;Poland;2007;64883.960
AFC;KTOE;PL;Poland;2008;66691.212
AFC;KTOE;PL;Poland;2009;64712.064
AFC;KTOE;PL;Poland;2010;70393.328
AFC;KTOE;PL;Poland;2011;69576.353
AFC;KTOE;PL;Poland;2012;65584.859
AFC;KTOE;PL;Poland;2013;67297.583
AFC;KTOE;PL;Poland;2014;64612.230
AFC;KTOE;PL;Poland;2015;65179.894
AFC;KTOE;PL;Poland;2016;70460.059
AFC;KTOE;PL;Poland;2017;74787.709
AFC;KTOE;PL;Poland;2018;79826.456
AFC;KTOE;PL;Poland;2019;77735.892
AFC;KTOE;PL;Poland;2020;77109.405
AFC;KTOE;PL;Poland;2021;80490.970
AFC;KTOE;PL;Poland;2022;76386.054
AFC;KTOE;PL;Poland;2023;73033.571
AFC;KTOE;PT;Portugal;2004;20943.357
AFC;KTOE;PT;Portugal;2005;20941.449
AFC;KTOE;PT;Portugal;2006;20174.536
AFC;KTOE;PT;Portugal;2007;20552.843
AFC;KTOE;PT;Portugal;2008;19618.700
AFC;KTOE;PT;Portugal;2009;19083.271
AFC;KTOE;PT;Portugal;2010;18980.519
AFC;KTOE;PT;Portugal;2011;18158.579
AFC;KTOE;PT;Portugal;2012;16452.713
AFC;KTOE;PT;Portugal;2013;16291.744
AFC;KTOE;PT;Portugal;2014;16792.127
AFC;KTOE;PT;Portugal;2015;16851.213
AFC;KTOE;PT;Portugal;2016;16726.957
AFC;KTOE;PT;Portugal;2017;17006.818
AFC;KTOE;PT;Portugal;2018;16934.037
AFC;KTOE;PT;Portugal;2019;17583.942
AFC;KTOE;PT;Portugal;2020;16394.328
AFC;KTOE;PT;Portugal;2021;16941.445
AFC;KTOE;PT;Portugal;2022;17165.963
AFC;KTOE;PT;Portugal;2023;16988.253
AFC;KTOE;RO;Romania;2004;25275.752
AFC;KTOE;RO;Romania;2005;25957.813
AFC;KTOE;RO;Romania;2006;26468.355
AFC;KTOE;RO;Romania;2007;26283.547
AFC;KTOE;RO;Romania;2008;26047.846
AFC;KTOE;RO;Romania;2009;24079.732
AFC;KTOE;RO;Romania;2010;24794.686
AFC;KTOE;RO;Romania;2011;25009.718
AFC;KTOE;RO;Romania;2012;24018.226
AFC;KTOE;RO;Romania;2013;22701.914
AFC;KTOE;RO;Romania;2014;22554.778
AFC;KTOE;RO;Romania;2015;22810.177
AFC;KTOE;RO;Romania;2016;23114.962
AFC;KTOE;RO;Romania;2017;24376.389
AFC;KTOE;RO;Romania;2018;24898.704
AFC;KTOE;RO;Romania;2019;25070.541
AFC;KTOE;RO;Romania;2020;25087.505
AFC;KTOE;RO;Romania;2021;26741.952
AFC;KTOE;RO;Romania;2022;24752.850
AFC;KTOE;RO;Romania;2023;24245.955
AFC;KTOE;RS;Serbia;2004;10769.284
AFC;KTOE;RS;Serbia;2005;9625.128
AFC;KTOE;RS;Serbia;2006;10128.086
AFC;KTOE;RS;Serbia;2007;10939.102
AFC;KTOE;RS;Serbia;2008;10758.130
AFC;KTOE;RS;Serbia;2009;9172.468
AFC;KTOE;RS;Serbia;2010;9552.933
AFC;KTOE;RS;Serbia;2011;9939.697
AFC;KTOE;RS;Serbia;2012;8715.406
AFC;KTOE;RS;Serbia;2013;8765.723
AFC;KTOE;RS;Serbia;2014;8196.104
AFC;KTOE;RS;Serbia;2015;8491.943
AFC;KTOE;RS;Serbia;2016;9070.432
AFC;KTOE;RS;Serbia;2017;9192.546
AFC;KTOE;RS;Serbia;2018;9180.281
AFC;KTOE;RS;Serbia;2019;9067.392
AFC;KTOE;RS;Serbia;2020;9597.427
AFC;KTOE;RS;Serbia;2021;9946.707
AFC;KTOE;RS;Serbia;2022;10104.167
AFC;KTOE;RS;Serbia;2023;9866.787
AFC;KTOE;SE;Sweden;2004;33622.998
AFC;KTOE;SE;Sweden;2005;33360.317
AFC;KTOE;SE;Sweden;2006;32735.871
AFC;KTOE;SE;Sweden;2007;32678.590
AFC;KTOE;SE;Sweden;2008;32811.860
AFC;KTOE;SE;Sweden;2009;31429.108
AFC;KTOE;SE;Sweden;2010;35065.802
AFC;KTOE;SE;Sweden;2011;35657.407
AFC;KTOE;SE;Sweden;2012;34773.204
AFC;KTOE;SE;Sweden;2013;34058.009
AFC;KTOE;SE;Sweden;2014;33287.952
AFC;KTOE;SE;Sweden;2015;31788.042
AFC;KTOE;SE;Sweden;2016;33834.604
AFC;KTOE;SE;Sweden;2017;34755.196
AFC;KTOE;SE;Sweden;2018;35092.238
AFC;KTOE;SE;Sweden;2019;33536.521
AFC;KTOE;SE;Sweden;2020;32635.980
AFC;KTOE;SE;Sweden;2021;34172.580
AFC;KTOE;SE;Sweden;2022;32290.420
AFC;KTOE;SE;Sweden;2023;33071.241
AFC;KTOE;SI;Slovenia;2004;5266.501
AFC;KTOE;SI;Slovenia;2005;5442.915
AFC;KTOE;SI;Slovenia;2006;5437.884
AFC;KTOE;SI;Slovenia;2007;5456.992
AFC;KTOE;SI;Slovenia;2008;5779.340
AFC;KTOE;SI;Slovenia;2009;5095.464
AFC;KTOE;SI;Slovenia;2010;5275.659
AFC;KTOE;SI;Slovenia;2011;5169.537
AFC;KTOE;SI;Slovenia;2012;5038.981
AFC;KTOE;SI;Slovenia;2013;4930.552
AFC;KTOE;SI;Slovenia;2014;4744.586
AFC;KTOE;SI;Slovenia;2015;4851.549
AFC;KTOE;SI;Slovenia;2016;5041.347
AFC;KTOE;SI;Slovenia;2017;5117.377
AFC;KTOE;SI;Slovenia;2018;5144.129
AFC;KTOE;SI;Slovenia;2019;5059.945
AFC;KTOE;SI;Slovenia;2020;4603.274
AFC;KTOE;SI;Slovenia;2021;4929.658
AFC;KTOE;SI;Slovenia;2022;4868.670
AFC;KTOE;SI;Slovenia;2023;4617.335
AFC;KTOE;SK;Slovakia;2004;11078.641
AFC;KTOE;SK;Slovakia;2005;11686.434
AFC;KTOE;SK;Slovakia;2006;11408.781
AFC;KTOE;SK;Slovakia;2007;11535.063
AFC;KTOE;SK;Slovakia;2008;11842.116
AFC;KTOE;SK;Slovakia;2009;10867.243
AFC;KTOE;SK;Slovakia;2010;12187.056
AFC;KTOE;SK;Slovakia;2011;11680.411
AFC;KTOE;SK;Slovakia;2012;10948.127
AFC;KTOE;SK;Slovakia;2013;11203.800
AFC;KTOE;SK;Slovakia;2014;10105.263
AFC;KTOE;SK;Slovakia;2015;10610.539
AFC;KTOE;SK;Slovakia;2016;10885.782
AFC;KTOE;SK;Slovakia;2017;11672.430
AFC;KTOE;SK;Slovakia;2018;11677.410
AFC;KTOE;SK;Slovakia;2019;11270.790
AFC;KTOE;SK;Slovakia;2020;10817.679
AFC;KTOE;SK;Slovakia;2021;11807.450
AFC;KTOE;SK;Slovakia;2022;11062.939
AFC;KTOE;SK;Slovakia;2023;10331.478
AFC;KTOE;TR;Türkiye;2004;63490.911
AFC;KTOE;TR;Türkiye;2005;65886.921
AFC;KTOE;TR;Türkiye;2006;72721.589
AFC;KTOE;TR;Türkiye;2007;76801.861
AFC;KTOE;TR;Türkiye;2008;72970.533
AFC;KTOE;TR;Türkiye;2009;72658.596
AFC;KTOE;TR;Türkiye;2010;78145.166
AFC;KTOE;TR;Türkiye;2011;83719.713
AFC;KTOE;TR;Türkiye;2012;88140.843
AFC;KTOE;TR;Türkiye;2013;85042.930
AFC;KTOE;TR;Türkiye;2014;86465.236
AFC;KTOE;TR;Türkiye;2015;94140.532
AFC;KTOE;TR;Türkiye;2016;98760.147
AFC;KTOE;TR;Türkiye;2017;105864.359
AFC;KTOE;TR;Türkiye;2018;103627.513
AFC;KTOE;TR;Türkiye;2019;105068.665
AFC;KTOE;TR;Türkiye;2020;106990.002
AFC;KTOE;TR;Türkiye;2021;115858.580
AFC;KTOE;TR;Türkiye;2022;112819.433
AFC;KTOE;TR;Türkiye;2023;116493.899
AFC;KTOE;UA;Ukraine;2004;78482.803
AFC;KTOE;UA;Ukraine;2005;82916.435
AFC;KTOE;UA;Ukraine;2006;79482.543
AFC;KTOE;UA;Ukraine;2007;84925.350
AFC;KTOE;UA;Ukraine;2008;83196.191
AFC;KTOE;UA;Ukraine;2009;68237.553
AFC;KTOE;UA;Ukraine;2010;83536.363
AFC;KTOE;UA;Ukraine;2011;75032.489
AFC;KTOE;UA;Ukraine;2012;71436.107
AFC;KTOE;UA;Ukraine;2013;67422.311
AFC;KTOE;UA;Ukraine;2014;62689.172
AFC;KTOE;UA;Ukraine;2015;51487.995
AFC;KTOE;UA;Ukraine;2016;52687.135
AFC;KTOE;UA;Ukraine;2017;51607.814
AFC;KTOE;UA;Ukraine;2018;52839.534
AFC;KTOE;UA;Ukraine;2019;50060.736
AFC;KTOE;UA;Ukraine;2020;48917.870
AFC;KTOE;UK;United Kingdom;2004;149806.299
AFC;KTOE;UK;United Kingdom;2005;148722.050
AFC;KTOE;UK;United Kingdom;2006;145513.892
AFC;KTOE;UK;United Kingdom;2007;141400.026
AFC;KTOE;UK;United Kingdom;2008;140990.665
AFC;KTOE;UK;United Kingdom;2009;130701.223
AFC;KTOE;UK;United Kingdom;2010;139219.395
AFC;KTOE;UK;United Kingdom;2011;125794.148
AFC;KTOE;UK;United Kingdom;2012;129924.298
AFC;KTOE;UK;United Kingdom;2013;129112.984
AFC;KTOE;UK;United Kingdom;2014;122534.193
AFC;KTOE;UK;United Kingdom;2015;128316.330
AFC;KTOE;UK;United Kingdom;2016;130030.631
AFC;KTOE;UK;United Kingdom;2017;129780.443
AFC;KTOE;UK;United Kingdom;2018;130914.521
AFC;KTOE;UK;United Kingdom;2019;127768.662
AFC;KTOE;XK;Kosovo*;2004;935.599
AFC;KTOE;XK;Kosovo*;2005;985.117
AFC;KTOE;XK;Kosovo*;2006;1016.107
AFC;KTOE;XK;Kosovo*;2007;1062.380
AFC;KTOE;XK;Kosovo*;2008;1169.374
AFC;KTOE;XK;Kosovo*;2009;1179.120
AFC;KTOE;XK;Kosovo*;2010;1196.593
AFC;KTOE;XK;Kosovo*;2011;1321.056
AFC;KTOE;XK;Kosovo*;2012;1258.805
AFC;KTOE;XK;Kosovo*;2013;1197.276
AFC;KTOE;XK;Kosovo*;2014;1251.338
AFC;KTOE;XK;Kosovo*;2015;1381.747
AFC;KTOE;XK;Kosovo*;2016;1474.961
AFC;KTOE;XK;Kosovo*;2017;1567.308
AFC;KTOE;XK;Kosovo*;2018;1511.310
AFC;KTOE;XK;Kosovo*;2019;1569.347
AFC;KTOE;XK;Kosovo*;2020;1581.889
AFC;KTOE;XK;Kosovo*;2021;1780.299
AFC;KTOE;XK;Kosovo*;2022;1560.009
AFC;KTOE;XK;Kosovo*;2023;1602.282
FEC2020-2030;KTOE;UA;Ukraine;2004;81646.426
FEC2020-2030;KTOE;UA;Ukraine;2005;77863.715
FEC2020-2030;KTOE;UA;Ukraine;2006;78750.812
FEC2020-2030;KTOE;UA;Ukraine;2007;83530.189
FEC2020-2030;KTOE;UA;Ukraine;2008;80743.919
FEC2020-2030;KTOE;UA;Ukraine;2009;68015.901
FEC2020-2030;KTOE;UA;Ukraine;2010;73108.792
FEC2020-2030;KTOE;UA;Ukraine;2011;74686.059
FEC2020-2030;KTOE;UA;Ukraine;2012;71154.597
FEC2020-2030;KTOE;UA;Ukraine;2013;69835.005
FEC2020-2030;KTOE;UA;Ukraine;2014;61633.202
FEC2020-2030;KTOE;UA;Ukraine;2015;51329.060
FEC2020-2030;KTOE;UA;Ukraine;2016;52890.891
FEC2020-2030;KTOE;UA;Ukraine;2017;50674.115
FEC2020-2030;KTOE;UA;Ukraine;2018;51872.991
FEC2020-2030;KTOE;UA;Ukraine;2019;49874.343
FEC2020-2030;KTOE;UA;Ukraine;2020;46784.392
FEC2020-2030;KTOE;UK;United Kingdom;2004;153282.664
FEC2020-2030;KTOE;UK;United Kingdom;2005;152974.632
FEC2020-2030;KTOE;UK;United Kingdom;2006;150891.609
FEC2020-2030;KTOE;UK;United Kingdom;2007;148730.205
FEC2020-2030;KTOE;UK;United Kingdom;2008;148289.348
FEC2020-2030;KTOE;UK;United Kingdom;2009;138011.533
FEC2020-2030;KTOE;UK;United Kingdom;2010;143109.346
FEC2020-2030;KTOE;UK;United Kingdom;2011;132162.397
FEC2020-2030;KTOE;UK;United Kingdom;2012;135763.825
FEC2020-2030;KTOE;UK;United Kingdom;2013;136913.190
FEC2020-2030;KTOE;UK;United Kingdom;2014;130116.871
FEC2020-2030;KTOE;UK;United Kingdom;2015;132625.375
FEC2020-2030;KTOE;UK;United Kingdom;2016;133767.863
FEC2020-2030;KTOE;UK;United Kingdom;2017;133591.515
FEC2020-2030;KTOE;UK;United Kingdom;2018;135131.932
FEC2020-2030;KTOE;UK;United Kingdom;2019;134114.842
GAE;KTOE;AL;Albania;2004;2238.419
GAE;KTOE;AL;Albania;2005;2250.699
GAE;KTOE;AL;Albania;2006;2182.327
GAE;KTOE;AL;Albania;2007;2056.525
GAE;KTOE;AL;Albania;2008;2140.044
GAE;KTOE;AL;Albania;2009;2171.270
GAE;KTOE;AL;Albania;2010;2152.188
GAE;KTOE;AL;Albania;2011;2245.308
GAE;KTOE;AL;Albania;2012;2023.108
GAE;KTOE;AL;Albania;2013;2385.743
GAE;KTOE;AL;Albania;2014;2375.779
GAE;KTOE;AL;Albania;2015;2218.649
GAE;KTOE;AL;Albania;2016;2305.608
GAE;KTOE;AL;Albania;2017;2412.268
GAE;KTOE;AL;Albania;2018;2398.096
GAE;KTOE;AL;Albania;2019;2386.443
GAE;KTOE;AL;Albania;2020;2214.765
GAE;KTOE;AL;Albania;2021;2327.108
GAE;KTOE;AL;Albania;2022;2239.331
GAE;KTOE;AL;Albania;2023;2234.261
GAE;KTOE;AT;Austria;2004;33098.782
GAE;KTOE;AT;Austria;2005;34402.130
GAE;KTOE;AT;Austria;2006;34712.085
GAE;KTOE;AT;Austria;2007;34120.399
GAE;KTOE;AT;Austria;2008;34391.508
GAE;KTOE;AT;Austria;2009;32651.028
GAE;KTOE;AT;Austria;2010;34854.184
GAE;KTOE;AT;Austria;2011;33840.088
GAE;KTOE;AT;Austria;2012;33740.804
GAE;KTOE;AT;Austria;2013;34136.106
GAE;KTOE;AT;Austria;2014;32938.236
GAE;KTOE;AT;Austria;2015;33741.875
GAE;KTOE;AT;Austria;2016;34209.391
GAE;KTOE;AT;Austria;2017;34824.866
GAE;KTOE;AT;Austria;2018;34028.126
GAE;KTOE;AT;Austria;2019;34782.999
GAE;KTOE;AT;Austria;2020;32303.729
GAE;KTOE;AT;Austria;2021;34170.475
GAE;KTOE;AT;Austria;2022;32737.087
GAE;KTOE;AT;Austria;2023;32025.547
GAE;KTOE;BA;Bosnia and Herzegovina;2014;6002.622
GAE;KTOE;BA;Bosnia and Herzegovina;2015;6183.064
GAE;KTOE;BA;Bosnia and Herzegovina;2016;6767.126
GAE;KTOE;BA;Bosnia and Herzegovina;2017;6754.465
GAE;KTOE;BA;Bosnia and Herzegovina;2018;7478.331
GAE;KTOE;BA;Bosnia and Herzegovina;2019;7230.302
GAE;KTOE;BA;Bosnia and Herzegovina;2020;7108.250
GAE;KTOE;BA;Bosnia and Herzegovina;2021;7374.079
GAE;KTOE;BA;Bosnia and Herzegovina;2022;7310.108
GAE;KTOE;BA;Bosnia and Herzegovina;2023;6950.836
GAE;KTOE;BE;Belgium;2004;67378.243
GAE;KTOE;BE;Belgium;2005;66918.791
GAE;KTOE;BE;Belgium;2006;66882.994
GAE;KTOE;BE;Belgium;2007;66853.035
GAE;KTOE;BE;Belgium;2008;69018.706
GAE;KTOE;BE;Belgium;2009;63630.864
GAE;KTOE;BE;Belgium;2010;68269.487
GAE;KTOE;BE;Belgium;2011;63388.112
GAE;KTOE;BE;Belgium;2012;60382.375
GAE;KTOE;BE;Belgium;2013;62641.588
GAE;KTOE;BE;Belgium;2014;59003.446
GAE;KTOE;BE;Belgium;2015;59503.333
GAE;KTOE;BE;Belgium;2016;63147.197
GAE;KTOE;BE;Belgium;2017;63923.921
GAE;KTOE;BE;Belgium;2018;63991.348
GAE;KTOE;BE;Belgium;2019;64307.101
GAE;KTOE;BE;Belgium;2020;57821.557
GAE;KTOE;BE;Belgium;2021;64174.931
GAE;KTOE;BE;Belgium;2022;59730.663
GAE;KTOE;BE;Belgium;2023;55904.201
GAE;KTOE;BG;Bulgaria;2004;19082.766
GAE;KTOE;BG;Bulgaria;2005;20193.869
GAE;KTOE;BG;Bulgaria;2006;20796.798
GAE;KTOE;BG;Bulgaria;2007;20403.120
GAE;KTOE;BG;Bulgaria;2008;20157.848
GAE;KTOE;BG;Bulgaria;2009;17777.004
GAE;KTOE;BG;Bulgaria;2010;18012.371
GAE;KTOE;BG;Bulgaria;2011;19275.496
GAE;KTOE;BG;Bulgaria;2012;18458.681
GAE;KTOE;BG;Bulgaria;2013;17175.487
GAE;KTOE;BG;Bulgaria;2014;17955.616
GAE;KTOE;BG;Bulgaria;2015;18767.777
GAE;KTOE;BG;Bulgaria;2016;18371.373
GAE;KTOE;BG;Bulgaria;2017;19015.831
GAE;KTOE;BG;Bulgaria;2018;18943.773
GAE;KTOE;BG;Bulgaria;2019;18748.773
GAE;KTOE;BG;Bulgaria;2020;17798.370
GAE;KTOE;BG;Bulgaria;2021;19370.939
GAE;KTOE;BG;Bulgaria;2022;19635.766
GAE;KTOE;BG;Bulgaria;2023;17393.086
GAE;KTOE;CY;Cyprus;2004;2567.622
GAE;KTOE;CY;Cyprus;2005;2835.350
GAE;KTOE;CY;Cyprus;2006;2940.847
GAE;KTOE;CY;Cyprus;2007;3038.352
GAE;KTOE;CY;Cyprus;2008;3173.389
GAE;KTOE;CY;Cyprus;2009;3063.635
GAE;KTOE;CY;Cyprus;2010;2945.147
GAE;KTOE;CY;Cyprus;2011;2910.183
GAE;KTOE;CY;Cyprus;2012;2735.813
GAE;KTOE;CY;Cyprus;2013;2440.425
GAE;KTOE;CY;Cyprus;2014;2477.117
GAE;KTOE;CY;Cyprus;2015;2541.862
GAE;KTOE;CY;Cyprus;2016;2750.316
GAE;KTOE;CY;Cyprus;2017;2826.805
GAE;KTOE;CY;Cyprus;2018;2902.436
GAE;KTOE;CY;Cyprus;2019;2903.469
GAE;KTOE;CY;Cyprus;2020;2558.567
GAE;KTOE;CY;Cyprus;2021;2662.036
GAE;KTOE;CY;Cyprus;2022;2859.166
GAE;KTOE;CY;Cyprus;2023;2844.683
GAE;KTOE;CZ;Czechia;2004;45985.513
GAE;KTOE;CZ;Czechia;2005;45534.937
GAE;KTOE;CZ;Czechia;2006;46566.166
GAE;KTOE;CZ;Czechia;2007;46466.729
GAE;KTOE;CZ;Czechia;2008;45610.554
GAE;KTOE;CZ;Czechia;2009;42841.710
GAE;KTOE;CZ;Czechia;2010;45465.274
GAE;KTOE;CZ;Czechia;2011;43616.881
GAE;KTOE;CZ;Czechia;2012;43241.461
GAE;KTOE;CZ;Czechia;2013;43445.290
GAE;KTOE;CZ;Czechia;2014;42011.844
GAE;KTOE;CZ;Czechia;2015;42051.424
GAE;KTOE;CZ;Czechia;2016;41659.073
GAE;KTOE;CZ;Czechia;2017;43462.130
GAE;KTOE;CZ;Czechia;2018;43638.288
GAE;KTOE;CZ;Czechia;2019;42933.781
GAE;KTOE;CZ;Czechia;2020;40319.049
GAE;KTOE;CZ;Czechia;2021;42727.036
GAE;KTOE;CZ;Czechia;2022;41848.093
GAE;KTOE;CZ;Czechia;2023;38439.580
GAE;KTOE;DE;Germany;2004;350455.498
GAE;KTOE;DE;Germany;2005;348965.483
GAE;KTOE;DE;Germany;2006;359623.625
GAE;KTOE;DE;Germany;2007;342528.520
GAE;KTOE;DE;Germany;2008;346715.338
GAE;KTOE;DE;Germany;2009;324246.861
GAE;KTOE;DE;Germany;2010;341023.672
GAE;KTOE;DE;Germany;2011;323483.343
GAE;KTOE;DE;Germany;2012;326147.321
GAE;KTOE;DE;Germany;2013;333067.586
GAE;KTOE;DE;Germany;2014;318861.268
GAE;KTOE;DE;Germany;2015;320515.397
GAE;KTOE;DE;Germany;2016;322845.741
GAE;KTOE;DE;Germany;2017;324280.628
GAE;KTOE;DE;Germany;2018;316559.599
GAE;KTOE;DE;Germany;2019;309512.936
GAE;KTOE;DE;Germany;2020;286209.057
GAE;KTOE;DE;Germany;2021;297750.868
GAE;KTOE;DE;Germany;2022;283727.807
GAE;KTOE;DE;Germany;2023;256593.485
GAE;KTOE;DK;Denmark;2004;21096.745
GAE;KTOE;DK;Denmark;2005;20593.030
GAE;KTOE;DK;Denmark;2006;22246.762
GAE;KTOE;DK;Denmark;2007;21840.775
GAE;KTOE;DK;Denmark;2008;21139.886
GAE;KTOE;DK;Denmark;2009;19949.646
GAE;KTOE;DK;Denmark;2010;21019.868
GAE;KTOE;DK;Denmark;2011;19643.441
GAE;KTOE;DK;Denmark;2012;18683.337
GAE;KTOE;DK;Denmark;2013;18899.497
GAE;KTOE;DK;Denmark;2014;18077.437
GAE;KTOE;DK;Denmark;2015;18030.959
GAE;KTOE;DK;Denmark;2016;18415.091
GAE;KTOE;DK;Denmark;2017;18401.408
GAE;KTOE;DK;Denmark;2018;18490.687
GAE;KTOE;DK;Denmark;2019;18103.759
GAE;KTOE;DK;Denmark;2020;16583.171
GAE;KTOE;DK;Denmark;2021;17420.078
GAE;KTOE;DK;Denmark;2022;17025.154
GAE;KTOE;DK;Denmark;2023;16804.105
GAE;KTOE;EE;Estonia;2004;5543.306
GAE;KTOE;EE;Estonia;2005;5613.894
GAE;KTOE;EE;Estonia;2006;5657.882
GAE;KTOE;EE;Estonia;2007;6617.436
GAE;KTOE;EE;Estonia;2008;5841.593
GAE;KTOE;EE;Estonia;2009;4654.493
GAE;KTOE;EE;Estonia;2010;6139.998
GAE;KTOE;EE;Estonia;2011;5952.983
GAE;KTOE;EE;Estonia;2012;5679.518
GAE;KTOE;EE;Estonia;2013;6294.586
GAE;KTOE;EE;Estonia;2014;5900.275
GAE;KTOE;EE;Estonia;2015;5135.770
GAE;KTOE;EE;Estonia;2016;6292.830
GAE;KTOE;EE;Estonia;2017;6234.383
GAE;KTOE;EE;Estonia;2018;6024.017
GAE;KTOE;EE;Estonia;2019;5100.247
GAE;KTOE;EE;Estonia;2020;4790.147
GAE;KTOE;EE;Estonia;2021;4909.527
GAE;KTOE;EE;Estonia;2022;5163.309
GAE;KTOE;EE;Estonia;2023;4489.635
GAE;KTOE;EL;Greece;2004;33797.345
GAE;KTOE;EL;Greece;2005;33928.403
GAE;KTOE;EL;Greece;2006;34285.360
GAE;KTOE;EL;Greece;2007;34383.378
GAE;KTOE;EL;Greece;2008;34508.863
GAE;KTOE;EL;Greece;2009;32937.772
GAE;KTOE;EL;Greece;2010;31056.521
GAE;KTOE;EL;Greece;2011;30289.590
GAE;KTOE;EL;Greece;2012;29510.778
GAE;KTOE;EL;Greece;2013;26189.423
GAE;KTOE;EL;Greece;2014;25859.138
GAE;KTOE;EL;Greece;2015;25871.415
GAE;KTOE;EL;Greece;2016;25374.145
GAE;KTOE;EL;Greece;2017;26528.764
GAE;KTOE;EL;Greece;2018;26023.087
GAE;KTOE;EL;Greece;2019;26072.447
GAE;KTOE;EL;Greece;2020;22075.359
GAE;KTOE;EL;Greece;2021;23321.333
GAE;KTOE;EL;Greece;2022;23802.230
GAE;KTOE;EL;Greece;2023;23004.552
GAE;KTOE;ES;Spain;2004;148810.732
GAE;KTOE;ES;Spain;2005;152386.592
GAE;KTOE;ES;Spain;2006;152913.834
GAE;KTOE;ES;Spain;2007;155341.887
GAE;KTOE;ES;Spain;2008;150448.541
GAE;KTOE;ES;Spain;2009;138972.890
GAE;KTOE;ES;Spain;2010;138536.893
GAE;KTOE;ES;Spain;2011;138110.713
GAE;KTOE;ES;Spain;2012;137469.673
GAE;KTOE;ES;Spain;2013;127965.584
GAE;KTOE;ES;Spain;2014;126079.777
GAE;KTOE;ES;Spain;2015;130401.299
GAE;KTOE;ES;Spain;2016;131435.263
GAE;KTOE;ES;Spain;2017;137139.581
GAE;KTOE;ES;Spain;2018;137261.951
GAE;KTOE;ES;Spain;2019;134015.644
GAE;KTOE;ES;Spain;2020;118167.742
GAE;KTOE;ES;Spain;2021;125413.513
GAE;KTOE;ES;Spain;2022;128501.731
GAE;KTOE;ES;Spain;2023;125017.228
GAE;KTOE;EU27_2020;European Union - 27 countries (from 2020);2004;1643207.164
GAE;KTOE;EU27_2020;European Union - 27 countries (from 2020);2005;1650990.452
GAE;KTOE;EU27_2020;European Union - 27 countries (from 2020);2006;1667954.862
GAE;KTOE;EU27_2020;European Union - 27 countries (from 2020);2007;1649190.966
GAE;KTOE;EU27_2020;European Union - 27 countries (from 2020);2008;1644684.195
GAE;KTOE;EU27_2020;European Union - 27 countries (from 2020);2009;1545166.819
GAE;KTOE;EU27_2020;European Union - 27 countries (from 2020);2010;1606356.319
GAE;KTOE;EU27_2020;European Union - 27 countries (from 2020);2011;1560566.986
GAE;KTOE;EU27_2020;European Union - 27 countries (from 2020);2012;1538425.031
GAE;KTOE;EU27_2020;European Union - 27 countries (from 2020);2013;1521061.654
GAE;KTOE;EU27_2020;European Union - 27 countries (from 2020);2014;1468536.758
GAE;KTOE;EU27_2020;European Union - 27 countries (from 2020);2015;1488568.477
GAE;KTOE;EU27_2020;European Union - 27 countries (from 2020);2016;1502715.752
GAE;KTOE;EU27_2020;European Union - 27 countries (from 2020);2017;1534601.424
GAE;KTOE;EU27_2020;European Union - 27 countries (from 2020);2018;1525982.468
GAE;KTOE;EU27_2020;European Union - 27 countries (from 2020);2019;1501846.413
GAE;KTOE;EU27_2020;European Union - 27 countries (from 2020);2020;1379248.321
GAE;KTOE;EU27_2020;European Union - 27 countries (from 2020);2021;1462637.834
GAE;KTOE;EU27_2020;European Union - 27 countries (from 2020);2022;1396418.738
GAE;KTOE;EU27_2020;European Union - 27 countries (from 2020);2023;1338591.286
GAE;KTOE;FI;Finland;2004;38252.556
GAE;KTOE;FI;Finland;2005;35353.875
GAE;KTOE;FI;Finland;2006;38507.733
GAE;KTOE;FI;Finland;2007;37877.456
GAE;KTOE;FI;Finland;2008;36375.058
GAE;KTOE;FI;Finland;2009;33864.827
GAE;KTOE;FI;Finland;2010;37003.181
GAE;KTOE;FI;Finland;2011;35635.262
GAE;KTOE;FI;Finland;2012;34295.005
GAE;KTOE;FI;Finland;2013;33751.786
GAE;KTOE;FI;Finland;2014;34444.261
GAE;KTOE;FI;Finland;2015;32958.648
GAE;KTOE;FI;Finland;2016;34150.102
GAE;KTOE;FI;Finland;2017;34609.346
GAE;KTOE;FI;Finland;2018;35236.082
GAE;KTOE;FI;Finland;2019;34545.342
GAE;KTOE;FI;Finland;2020;32433.176
GAE;KTOE;FI;Finland;2021;33987.064
GAE;KTOE;FI;Finland;2022;32831.370
GAE;KTOE;FI;Finland;2023;33424.340
GAE;KTOE;FR;France;2004;278630.197
GAE;KTOE;FR;France;2005;279715.492
GAE;KTOE;FR;France;2006;275800.862
GAE;KTOE;FR;France;2007;273383.172
GAE;KTOE;FR;France;2008;274567.207
GAE;KTOE;FR;France;2009;263931.347
GAE;KTOE;FR;France;2010;272001.499
GAE;KTOE;FR;France;2011;267396.828
GAE;KTOE;FR;France;2012;267546.563
GAE;KTOE;FR;France;2013;268737.617
GAE;KTOE;FR;France;2014;257913.243
GAE;KTOE;FR;France;2015;262125.908
GAE;KTOE;FR;France;2016;257623.466
GAE;KTOE;FR;France;2017;257864.628
GAE;KTOE;FR;France;2018;256876.492
GAE;KTOE;FR;France;2019;253608.393
GAE;KTOE;FR;France;2020;224834.266
GAE;KTOE;FR;France;2021;243539.944
GAE;KTOE;FR;France;2022;221485.772
GAE;KTOE;FR;France;2023;225612.377
GAE;KTOE;GE;Georgia;2013;4248.111
GAE;KTOE;GE;Georgia;2014;4522.765
GAE;KTOE;GE;Georgia;2015;4761.584
GAE;KTOE;GE;Georgia;2016;4920.516
GAE;KTOE;GE;Georgia;2017;4991.616
GAE;KTOE;GE;Georgia;2018;4958.421
GAE;KTOE;GE;Georgia;2019;5206.965
GAE;KTOE;GE;Georgia;2020;5002.132
GAE;KTOE;GE;Georgia;2021;5388.242
GAE;KTOE;GE;Georgia;2022;5869.844
GAE;KTOE;GE;Georgia;2023;5824.292
GAE;KTOE;HR;Croatia;2004;9681.035
GAE;KTOE;HR;Croatia;2005;9850.906
GAE;KTOE;HR;Croatia;2006;9795.038
GAE;KTOE;HR;Croatia;2007;10181.539
GAE;KTOE;HR;Croatia;2008;9939.752
GAE;KTOE;HR;Croatia;2009;9570.160
GAE;KTOE;HR;Croatia;2010;9477.759
GAE;KTOE;HR;Croatia;2011;9284.118
GAE;KTOE;HR;Croatia;2012;8728.915
GAE;KTOE;HR;Croatia;2013;8559.519
GAE;KTOE;HR;Croatia;2014;8156.192
GAE;KTOE;HR;Croatia;2015;8508.426
GAE;KTOE;HR;Croatia;2016;8583.007
GAE;KTOE;HR;Croatia;2017;8888.239
GAE;KTOE;HR;Croatia;2018;8696.791
GAE;KTOE;HR;Croatia;2019;8814.045
GAE;KTOE;HR;Croatia;2020;8323.132
GAE;KTOE;HR;Croatia;2021;8718.183
GAE;KTOE;HR;Croatia;2022;8526.917
GAE;KTOE;HR;Croatia;2023;8865.412
GAE;KTOE;HU;Hungary;2004;26435.830
GAE;KTOE;HU;Hungary;2005;28510.279
GAE;KTOE;HU;Hungary;2006;28200.837
GAE;KTOE;HU;Hungary;2007;27596.784
GAE;KTOE;HU;Hungary;2008;27170.550
GAE;KTOE;HU;Hungary;2009;25840.354
GAE;KTOE;HU;Hungary;2010;26592.419
GAE;KTOE;HU;Hungary;2011;26062.623
GAE;KTOE;HU;Hungary;2012;24771.026
GAE;KTOE;HU;Hungary;2013;23919.922
GAE;KTOE;HU;Hungary;2014;23823.234
GAE;KTOE;HU;Hungary;2015;25203.244
GAE;KTOE;HU;Hungary;2016;25519.653
GAE;KTOE;HU;Hungary;2017;26656.450
GAE;KTOE;HU;Hungary;2018;26704.565
GAE;KTOE;HU;Hungary;2019;26705.486
GAE;KTOE;HU;Hungary;2020;26139.518
GAE;KTOE;HU;Hungary;2021;27375.503
GAE;KTOE;HU;Hungary;2022;25780.217
GAE;KTOE;HU;Hungary;2023;24297.266
GAE;KTOE;IE;Ireland;2004;15242.008
GAE;KTOE;IE;Ireland;2005;15575.351
GAE;KTOE;IE;Ireland;2006;15682.284
GAE;KTOE;IE;Ireland;2007;16226.961
GAE;KTOE;IE;Ireland;2008;16029.083
GAE;KTOE;IE;Ireland;2009;15293.312
GAE;KTOE;IE;Ireland;2010;15206.161
GAE;KTOE;IE;Ireland;2011;13989.145
GAE;KTOE;IE;Ireland;2012;14154.642
GAE;KTOE;IE;Ireland;2013;13451.690
GAE;KTOE;IE;Ireland;2014;13539.155
GAE;KTOE;IE;Ireland;2015;14327.452
GAE;KTOE;IE;Ireland;2016;15114.925
GAE;KTOE;IE;Ireland;2017;14990.906
GAE;KTOE;IE;Ireland;2018;15074.303
GAE;KTOE;IE;Ireland;2019;15118.703
GAE;KTOE;IE;Ireland;2020;13942.638
GAE;KTOE;IE;Ireland;2021;14445.482
GAE;KTOE;IE;Ireland;2022;14790.301
GAE;KTOE;IE;Ireland;2023;14521.687
GAE;KTOE;IS;Iceland;2004;3383.326
GAE;KTOE;IS;Iceland;2005;3439.049
GAE;KTOE;IS;Iceland;2006;4232.978
GAE;KTOE;IS;Iceland;2007;4982.015
GAE;KTOE;IS;Iceland;2008;5733.583
GAE;KTOE;IS;Iceland;2009;5889.863
GAE;KTOE;IS;Iceland;2010;5602.154
GAE;KTOE;IS;Iceland;2011;6000.012
GAE;KTOE;IS;Iceland;2012;5864.082
GAE;KTOE;IS;Iceland;2013;6091.041
GAE;KTOE;IS;Iceland;2014;6089.260
GAE;KTOE;IS;Iceland;2015;5870.848
GAE;KTOE;IS;Iceland;2016;5669.399
GAE;KTOE;IS;Iceland;2017;6029.918
GAE;KTOE;IS;Iceland;2018;6641.678
GAE;KTOE;IS;Iceland;2019;6401.699
GAE;KTOE;IS;Iceland;2020;6008.591
GAE;KTOE;IS;Iceland;2021;6079.483
GAE;KTOE;IS;Iceland;2022;6420.013
GAE;KTOE;IS;Iceland;2023;6479.943
GAE;KTOE;IT;Italy;2004;188158.467
GAE;KTOE;IT;Italy;2005;191686.530
GAE;KTOE;IT;Italy;2006;190285.894
GAE;KTOE;IT;Italy;2007;190011.376
GAE;KTOE;IT;Italy;2008;187549.222
GAE;KTOE;IT;Italy;2009;174923.555
GAE;KTOE;IT;Italy;2010;179819.191
GAE;KTOE;IT;Italy;2011;173688.362
GAE;KTOE;IT;Italy;2012;166908.125
GAE;KTOE;IT;Italy;2013;160570.376
GAE;KTOE;IT;Italy;2014;151758.638
GAE;KTOE;IT;Italy;2015;157629.547
GAE;KTOE;IT;Italy;2016;156490.332
GAE;KTOE;IT;Italy;2017;161815.269
GAE;KTOE;IT;Italy;2018;159710.888
GAE;KTOE;IT;Italy;2019;158086.438
GAE;KTOE;IT;Italy;2020;144034.889
GAE;KTOE;IT;Italy;2021;156437.076
GAE;KTOE;IT;Italy;2022;149914.656
GAE;KTOE;IT;Italy;2023;143391.283
GAE;KTOE;LT;Lithuania;2004;9607.706
GAE;KTOE;LT;Lithuania;2005;9124.422
GAE;KTOE;LT;Lithuania;2006;9009.051
GAE;KTOE;LT;Lithuania;2007;9721.582
GAE;KTOE;LT;Lithuania;2008;9718.814
GAE;KTOE;LT;Lithuania;2009;8968.408
GAE;KTOE;LT;Lithuania;2010;7220.745
GAE;KTOE;LT;Lithuania;2011;7486.453
GAE;KTOE;LT;Lithuania;2012;7538.807
GAE;KTOE;LT;Lithuania;2013;7103.124
GAE;KTOE;LT;Lithuania;2014;7071.110
GAE;KTOE;LT;Lithuania;2015;7260.107
GAE;KTOE;LT;Lithuania;2016;7518.281
GAE;KTOE;LT;Lithuania;2017;7868.512
GAE;KTOE;LT;Lithuania;2018;8034.248
GAE;KTOE;LT;Lithuania;2019;7996.646
GAE;KTOE;LT;Lithuania;2020;7814.577
GAE;KTOE;LT;Lithuania;2021;8136.440
GAE;KTOE;LT;Lithuania;2022;7286.529
GAE;KTOE;LT;Lithuania;2023;7320.300
GAE;KTOE;LU;Luxembourg;2004;4705.974
GAE;KTOE;LU;Luxembourg;2005;4802.008
GAE;KTOE;LU;Luxembourg;2006;4724.399
GAE;KTOE;LU;Luxembourg;2007;4634.501
GAE;KTOE;LU;Luxembourg;2008;4638.561
GAE;KTOE;LU;Luxembourg;2009;4368.588
GAE;KTOE;LU;Luxembourg;2010;4644.060
GAE;KTOE;LU;Luxembourg;2011;4569.659
GAE;KTOE;LU;Luxembourg;2012;4460.701
GAE;KTOE;LU;Luxembourg;2013;4340.079
GAE;KTOE;LU;Luxembourg;2014;4222.015
GAE;KTOE;LU;Luxembourg;2015;4178.238
GAE;KTOE;LU;Luxembourg;2016;4190.508
GAE;KTOE;LU;Luxembourg;2017;4330.389
GAE;KTOE;LU;Luxembourg;2018;4504.739
GAE;KTOE;LU;Luxembourg;2019;4545.653
GAE;KTOE;LU;Luxembourg;2020;3967.525
GAE;KTOE;LU;Luxembourg;2021;4221.718
GAE;KTOE;LU;Luxembourg;2022;3818.771
GAE;KTOE;LU;Luxembourg;2023;3656.784
GAE;KTOE;LV;Latvia;2004;4688.849
GAE;KTOE;LV;Latvia;2005;4849.113
GAE;KTOE;LV;Latvia;2006;4961.881
GAE;KTOE;LV;Latvia;2007;5063.961
GAE;KTOE;LV;Latvia;2008;4899.481
GAE;KTOE;LV;Latvia;2009;4783.122
GAE;KTOE;LV;Latvia;2010;4880.809
GAE;KTOE;LV;Latvia;2011;4591.894
GAE;KTOE;LV;Latvia;2012;4778.279
GAE;KTOE;LV;Latvia;2013;4706.174
GAE;KTOE;LV;Latvia;2014;4684.209
GAE;KTOE;LV;Latvia;2015;4634.173
GAE;KTOE;LV;Latvia;2016;4706.689
GAE;KTOE;LV;Latvia;2017;4811.008
GAE;KTOE;LV;Latvia;2018;4831.214
GAE;KTOE;LV;Latvia;2019;4939.873
GAE;KTOE;LV;Latvia;2020;4567.890
GAE;KTOE;LV;Latvia;2021;4787.570
GAE;KTOE;LV;Latvia;2022;4480.883
GAE;KTOE;LV;Latvia;2023;4421.707
GAE;KTOE;MD;Moldova;2010;2538.280
GAE;KTOE;MD;Moldova;2011;2585.353
GAE;KTOE;MD;Moldova;2012;2532.691
GAE;KTOE;MD;Moldova;2013;2560.159
GAE;KTOE;MD;Moldova;2014;2587.948
GAE;KTOE;MD;Moldova;2015;2602.359
GAE;KTOE;MD;Moldova;2016;2708.197
GAE;KTOE;MD;Moldova;2017;2850.473
GAE;KTOE;MD;Moldova;2018;2988.291
GAE;KTOE;MD;Moldova;2019;2839.870
GAE;KTOE;MD;Moldova;2020;2714.524
GAE;KTOE;MD;Moldova;2021;3008.810
GAE;KTOE;MD;Moldova;2022;2692.197
GAE;KTOE;MD;Moldova;2023;2572.784
GAE;KTOE;ME;Montenegro;2005;1040.666
GAE;KTOE;ME;Montenegro;2006;1151.920
GAE;KTOE;ME;Montenegro;2007;1143.862
GAE;KTOE;ME;Montenegro;2008;1232.870
GAE;KTOE;ME;Montenegro;2009;964.526
GAE;KTOE;ME;Montenegro;2010;1128.993
GAE;KTOE;ME;Montenegro;2011;1133.743
GAE;KTOE;ME;Montenegro;2012;1069.873
GAE;KTOE;ME;Montenegro;2013;994.972
GAE;KTOE;ME;Montenegro;2014;973.891
GAE;KTOE;ME;Montenegro;2015;1018.874
GAE;KTOE;ME;Montenegro;2016;989.693
GAE;KTOE;ME;Montenegro;2017;1037.122
GAE;KTOE;ME;Montenegro;2018;1074.297
GAE;KTOE;ME;Montenegro;2019;1112.236
GAE;KTOE;ME;Montenegro;2020;1022.524
GAE;KTOE;ME;Montenegro;2021;1092.894
GAE;KTOE;ME;Montenegro;2022;1061.592
GAE;KTOE;ME;Montenegro;2023;1098.517
GAE;KTOE;MK;North Macedonia;2004;2759.682
GAE;KTOE;MK;North Macedonia;2005;2922.880
GAE;KTOE;MK;North Macedonia;2006;2965.355
GAE;KTOE;MK;North Macedonia;2007;3100.286
GAE;KTOE;MK;North Macedonia;2008;3032.264
GAE;KTOE;MK;North Macedonia;2009;2817.307
GAE;KTOE;MK;North Macedonia;2010;2881.394
GAE;KTOE;MK;North Macedonia;2011;3122.366
GAE;KTOE;MK;North Macedonia;2012;3004.425
GAE;KTOE;MK;North Macedonia;2013;2782.643
GAE;KTOE;MK;North Macedonia;2014;2707.262
GAE;KTOE;MK;North Macedonia;2015;2661.084
GAE;KTOE;MK;North Macedonia;2016;2705.660
GAE;KTOE;MK;North Macedonia;2017;2763.277
GAE;KTOE;MK;North Macedonia;2018;2592.090
GAE;KTOE;MK;North Macedonia;2019;2861.947
GAE;KTOE;MK;North Macedonia;2020;2596.694
GAE;KTOE;MK;North Macedonia;2021;2676.356
GAE;KTOE;MK;North Macedonia;2022;2736.433
GAE;KTOE;MK;North Macedonia;2023;2727.542
GAE;KTOE;MT;Malta;2004;1922.748
GAE;KTOE;MT;Malta;2005;1594.139
GAE;KTOE;MT;Malta;2006;1689.610
GAE;KTOE;MT;Malta;2007;1800.846
GAE;KTOE;MT;Malta;2008;1888.597
GAE;KTOE;MT;Malta;2009;2027.133
GAE;KTOE;MT;Malta;2010;2387.785
GAE;KTOE;MT;Malta;2011;2270.848
GAE;KTOE;MT;Malta;2012;2166.325
GAE;KTOE;MT;Malta;2013;2068.796
GAE;KTOE;MT;Malta;2014;2115.647
GAE;KTOE;MT;Malta;2015;2294.528
GAE;KTOE;MT;Malta;2016;2470.445
GAE;KTOE;MT;Malta;2017;2959.315
GAE;KTOE;MT;Malta;2018;3053.813
GAE;KTOE;MT;Malta;2019;3163.634
GAE;KTOE;MT;Malta;2020;2946.878
GAE;KTOE;MT;Malta;2021;2738.727
GAE;KTOE;MT;Malta;2022;3042.956
GAE;KTOE;MT;Malta;2023;3192.164
GAE;KTOE;NL;Netherlands;2004;99449.736
GAE;KTOE;NL;Netherlands;2005;99320.442
GAE;KTOE;NL;Netherlands;2006;99707.035
GAE;KTOE;NL;Netherlands;2007;99819.146
GAE;KTOE;NL;Netherlands;2008;98549.215
GAE;KTOE;NL;Netherlands;2009;95183.245
GAE;KTOE;NL;Netherlands;2010;100013.605
GAE;KTOE;NL;Netherlands;2011;95477.894
GAE;KTOE;NL;Netherlands;2012;94435.766
GAE;KTOE;NL;Netherlands;2013;92238.991
GAE;KTOE;NL;Netherlands;2014;87933.618
GAE;KTOE;NL;Netherlands;2015;88432.014
GAE;KTOE;NL;Netherlands;2016;90052.485
GAE;KTOE;NL;Netherlands;2017;91112.374
GAE;KTOE;NL;Netherlands;2018;89202.973
GAE;KTOE;NL;Netherlands;2019;87652.214
GAE;KTOE;NL;Netherlands;2020;83746.089
GAE;KTOE;NL;Netherlands;2021;85718.757
GAE;KTOE;NL;Netherlands;2022;78789.190
GAE;KTOE;NL;Netherlands;2023;75886.355
GAE;KTOE;NO;Norway;2004;29465.863
GAE;KTOE;NO;Norway;2005;30364.757
GAE;KTOE;NO;Norway;2006;30509.357
GAE;KTOE;NO;Norway;2007;28843.797
GAE;KTOE;NO;Norway;2008;31691.446
GAE;KTOE;NO;Norway;2009;31092.281
GAE;KTOE;NO;Norway;2010;33014.254
GAE;KTOE;NO;Norway;2011;28921.708
GAE;KTOE;NO;Norway;2012;30861.094
GAE;KTOE;NO;Norway;2013;32256.108
GAE;KTOE;NO;Norway;2014;29624.302
GAE;KTOE;NO;Norway;2015;26665.337
GAE;KTOE;NO;Norway;2016;29559.565
GAE;KTOE;NO;Norway;2017;31063.137
GAE;KTOE;NO;Norway;2018;31141.660
GAE;KTOE;NO;Norway;2019;29676.183
GAE;KTOE;NO;Norway;2020;29563.739
GAE;KTOE;NO;Norway;2021;29826.175
GAE;KTOE;NO;Norway;2022;27656.415
GAE;KTOE;NO;Norway;2023;28928.032
GAE;KTOE;PL;Poland;2004;91735.869
GAE;KTOE;PL;Poland;2005;92905.253
GAE;KTOE;PL;Poland;2006;97834.526
GAE;KTOE;PL;Poland;2007;97410.177
GAE;KTOE;PL;Poland;2008;98559.486
GAE;KTOE;PL;Poland;2009;94503.526
GAE;KTOE;PL;Poland;2010;101805.090
GAE;KTOE;PL;Poland;2011;101817.051
GAE;KTOE;PL;Poland;2012;97915.712
GAE;KTOE;PL;Poland;2013;98613.831
GAE;KTOE;PL;Poland;2014;94943.185
GAE;KTOE;PL;Poland;2015;96034.942
GAE;KTOE;PL;Poland;2016;100741.534
GAE;KTOE;PL;Poland;2017;105469.185
GAE;KTOE;PL;Poland;2018;110275.181
GAE;KTOE;PL;Poland;2019;106374.039
GAE;KTOE;PL;Poland;2020;103274.034
GAE;KTOE;PL;Poland;2021;109938.799
GAE;KTOE;PL;Poland;2022;104759.981
GAE;KTOE;PL;Poland;2023;98542.982
GAE;KTOE;PT;Portugal;2004;27407.245
GAE;KTOE;PT;Portugal;2005;28015.417
GAE;KTOE;PT;Portugal;2006;26751.276
GAE;KTOE;PT;Portugal;2007;26691.668
GAE;KTOE;PT;Portugal;2008;26116.741
GAE;KTOE;PT;Portugal;2009;25653.569
GAE;KTOE;PT;Portugal;2010;24841.817
GAE;KTOE;PT;Portugal;2011;24328.719
GAE;KTOE;PT;Portugal;2012;22966.088
GAE;KTOE;PT;Portugal;2013;23040.215
GAE;KTOE;PT;Portugal;2014;23320.573
GAE;KTOE;PT;Portugal;2015;24230.200
GAE;KTOE;PT;Portugal;2016;24284.081
GAE;KTOE;PT;Portugal;2017;25419.887
GAE;KTOE;PT;Portugal;2018;24843.099
GAE;KTOE;PT;Portugal;2019;24857.905
GAE;KTOE;PT;Portugal;2020;22086.686
GAE;KTOE;PT;Portugal;2021;22203.331
GAE;KTOE;PT;Portugal;2022;23289.048
GAE;KTOE;PT;Portugal;2023;22676.528
GAE;KTOE;RO;Romania;2004;39345.510
GAE;KTOE;RO;Romania;2005;38686.289
GAE;KTOE;RO;Romania;2006;40097.996
GAE;KTOE;RO;Romania;2007;39839.813
GAE;KTOE;RO;Romania;2008;39689.348
GAE;KTOE;RO;Romania;2009;34807.408
GAE;KTOE;RO;Romania;2010;35020.942
GAE;KTOE;RO;Romania;2011;35760.615
GAE;KTOE;RO;Romania;2012;34998.756
GAE;KTOE;RO;Romania;2013;31909.419
GAE;KTOE;RO;Romania;2014;31665.416
GAE;KTOE;RO;Romania;2015;31917.548
GAE;KTOE;RO;Romania;2016;31826.369
GAE;KTOE;RO;Romania;2017;33562.493
GAE;KTOE;RO;Romania;2018;33610.239
GAE;KTOE;RO;Romania;2019;33239.401
GAE;KTOE;RO;Romania;2020;32264.950
GAE;KTOE;RO;Romania;2021;34324.984
GAE;KTOE;RO;Romania;2022;31672.400
GAE;KTOE;RO;Romania;2023;30792.411
GAE;KTOE;RS;Serbia;2004;18098.552
GAE;KTOE;RS;Serbia;2005;16047.368
GAE;KTOE;RS;Serbia;2006;17065.453
GAE;KTOE;RS;Serbia;2007;16601.274
GAE;KTOE;RS;Serbia;2008;16874.035
GAE;KTOE;RS;Serbia;2009;15230.394
GAE;KTOE;RS;Serbia;2010;15607.789
GAE;KTOE;RS;Serbia;2011;16325.133
GAE;KTOE;RS;Serbia;2012;14610.215
GAE;KTOE;RS;Serbia;2013;14949.826
GAE;KTOE;RS;Serbia;2014;13374.319
GAE;KTOE;RS;Serbia;2015;14833.155
GAE;KTOE;RS;Serbia;2016;15452.723
GAE;KTOE;RS;Serbia;2017;15763.122
GAE;KTOE;RS;Serbia;2018;15545.308
GAE;KTOE;RS;Serbia;2019;15433.619
GAE;KTOE;RS;Serbia;2020;15966.590
GAE;KTOE;RS;Serbia;2021;16244.210
GAE;KTOE;RS;Serbia;2022;16434.371
GAE;KTOE;RS;Serbia;2023;15970.275
GAE;KTOE;SE;Sweden;2004;54569.982
GAE;KTOE;SE;Sweden;2005;53345.256
GAE;KTOE;SE;Sweden;2006;52196.973
GAE;KTOE;SE;Sweden;2007;51927.911
GAE;KTOE;SE;Sweden;2008;51640.456
GAE;KTOE;SE;Sweden;2009;46936.505
GAE;KTOE;SE;Sweden;2010;52417.345
GAE;KTOE;SE;Sweden;2011;52559.917
GAE;KTOE;SE;Sweden;2012;52397.786
GAE;KTOE;SE;Sweden;2013;51500.536
GAE;KTOE;SE;Sweden;2014;51040.499
GAE;KTOE;SE;Sweden;2015;48852.398
GAE;KTOE;SE;Sweden;2016;51097.487
GAE;KTOE;SE;Sweden;2017;52650.353
GAE;KTOE;SE;Sweden;2018;52847.578
GAE;KTOE;SE;Sweden;2019;51765.146
GAE;KTOE;SE;Sweden;2020;47341.515
GAE;KTOE;SE;Sweden;2021;49717.886
GAE;KTOE;SE;Sweden;2022;47916.722
GAE;KTOE;SE;Sweden;2023;46953.801
GAE;KTOE;SI;Slovenia;2004;7297.197
GAE;KTOE;SI;Slovenia;2005;7584.263
GAE;KTOE;SI;Slovenia;2006;7542.448
GAE;KTOE;SI;Slovenia;2007;7654.263
GAE;KTOE;SI;Slovenia;2008;8083.847
GAE;KTOE;SI;Slovenia;2009;7095.664
GAE;KTOE;SI;Slovenia;2010;7272.289
GAE;KTOE;SI;Slovenia;2011;7271.707
GAE;KTOE;SI;Slovenia;2012;7011.145
GAE;KTOE;SI;Slovenia;2013;6841.715
GAE;KTOE;SI;Slovenia;2014;6610.783
GAE;KTOE;SI;Slovenia;2015;6569.516
GAE;KTOE;SI;Slovenia;2016;6842.152
GAE;KTOE;SI;Slovenia;2017;7071.420
GAE;KTOE;SI;Slovenia;2018;7082.868
GAE;KTOE;SI;Slovenia;2019;6934.077
GAE;KTOE;SI;Slovenia;2020;6457.192
GAE;KTOE;SI;Slovenia;2021;6632.781
GAE;KTOE;SI;Slovenia;2022;6375.414
GAE;KTOE;SI;Slovenia;2023;6080.809
GAE;KTOE;SK;Slovakia;2004;18259.703
GAE;KTOE;SK;Slovakia;2005;18698.938
GAE;KTOE;SK;Slovakia;2006;18540.666
GAE;KTOE;SK;Slovakia;2007;17756.179
GAE;KTOE;SK;Slovakia;2008;18262.551
GAE;KTOE;SK;Slovakia;2009;16690.193
GAE;KTOE;SK;Slovakia;2010;18428.207
GAE;KTOE;SK;Slovakia;2011;17865.061
GAE;KTOE;SK;Slovakia;2012;17301.629
GAE;KTOE;SK;Slovakia;2013;17452.292
GAE;KTOE;SK;Slovakia;2014;16130.826
GAE;KTOE;SK;Slovakia;2015;16850.477
GAE;KTOE;SK;Slovakia;2016;17003.816
GAE;KTOE;SK;Slovakia;2017;17883.333
GAE;KTOE;SK;Slovakia;2018;17534.083
GAE;KTOE;SK;Slovakia;2019;17018.262
GAE;KTOE;SK;Slovakia;2020;16446.618
GAE;KTOE;SK;Slovakia;2021;17792.853
GAE;KTOE;SK;Slovakia;2022;16626.605
GAE;KTOE;SK;Slovakia;2023;16438.978
GAE;KTOE;TR;Türkiye;2004;82861.140
GAE;KTOE;TR;Türkiye;2005;86341.272
GAE;KTOE;TR;Türkiye;2006;94848.215
GAE;KTOE;TR;Türkiye;2007;102262.149
GAE;KTOE;TR;Türkiye;2008;100138.646
GAE;KTOE;TR;Türkiye;2009;99994.547
GAE;KTOE;TR;Türkiye;2010;105747.791
GAE;KTOE;TR;Türkiye;2011;112994.299
GAE;KTOE;TR;Türkiye;2012;118104.141
GAE;KTOE;TR;Türkiye;2013;114952.965
GAE;KTOE;TR;Türkiye;2014;123324.482
GAE;KTOE;TR;Türkiye;2015;133215.061
GAE;KTOE;TR;Türkiye;2016;140526.971
GAE;KTOE;TR;Türkiye;2017;151296.854
GAE;KTOE;TR;Türkiye;2018;149051.401
GAE;KTOE;TR;Türkiye;2019;151040.534
GAE;KTOE;TR;Türkiye;2020;148608.858
GAE;KTOE;TR;Türkiye;2021;162358.518
GAE;KTOE;TR;Türkiye;2022;160103.683
GAE;KTOE;TR;Türkiye;2023;162909.177
GAE;KTOE;UA;Ukraine;2004;142064.246
GAE;KTOE;UA;Ukraine;2005;141228.928
GAE;KTOE;UA;Ukraine;2006;135626.388
GAE;KTOE;UA;Ukraine;2007;139717.262
GAE;KTOE;UA;Ukraine;2008;134981.935
GAE;KTOE;UA;Ukraine;2009;114864.837
GAE;KTOE;UA;Ukraine;2010;132795.468
GAE;KTOE;UA;Ukraine;2011;126863.602
GAE;KTOE;UA;Ukraine;2012;122899.079
GAE;KTOE;UA;Ukraine;2013;116383.204
GAE;KTOE;UA;Ukraine;2014;105889.728
GAE;KTOE;UA;Ukraine;2015;93112.957
GAE;KTOE;UA;Ukraine;2016;91863.089
GAE;KTOE;UA;Ukraine;2017;89767.891
GAE;KTOE;UA;Ukraine;2018;93850.613
GAE;KTOE;UA;Ukraine;2019;89641.456
GAE;KTOE;UA;Ukraine;2020;86582.654
GAE;KTOE;UK;United Kingdom;2004;235278.675
GAE;KTOE;UK;United Kingdom;2005;236864.488
GAE;KTOE;UK;United Kingdom;2006;233657.759
GAE;KTOE;UK;United Kingdom;2007;226099.198
GAE;KTOE;UK;United Kingdom;2008;223714.607
GAE;KTOE;UK;United Kingdom;2009;207308.898
GAE;KTOE;UK;United Kingdom;2010;215795.147
GAE;KTOE;UK;United Kingdom;2011;200886.424
GAE;KTOE;UK;United Kingdom;2012;204604.187
GAE;KTOE;UK;United Kingdom;2013;201320.840
GAE;KTOE;UK;United Kingdom;2014;190352.358
GAE;KTOE;UK;United Kingdom;2015;193599.379
GAE;KTOE;UK;United Kingdom;2016;191122.253
GAE;KTOE;UK;United Kingdom;2017;188732.575
GAE;KTOE;UK;United Kingdom;2018;188474.120
GAE;KTOE;UK;United Kingdom;2019;184967.770
GAE;KTOE;XK;Kosovo*;2004;2008.568
GAE;KTOE;XK;Kosovo*;2005;1949.698
GAE;KTOE;XK;Kosovo*;2006;1970.370
GAE;KTOE;XK;Kosovo*;2007;2049.066
GAE;KTOE;XK;Kosovo*;2008;2219.069
GAE;KTOE;XK;Kosovo*;2009;2458.744
GAE;KTOE;XK;Kosovo*;2010;2516.715
GAE;KTOE;XK;Kosovo*;2011;2540.771
GAE;KTOE;XK;Kosovo*;2012;2383.784
GAE;KTOE;XK;Kosovo*;2013;2312.354
GAE;KTOE;XK;Kosovo*;2014;2217.180
GAE;KTOE;XK;Kosovo*;2015;2524.380
GAE;KTOE;XK;Kosovo*;2016;2703.587
GAE;KTOE;XK;Kosovo*;2017;2568.576
GAE;KTOE;XK;Kosovo*;2018;2584.929
GAE;KTOE;XK;Kosovo*;2019;2668.905
GAE;KTOE;XK;Kosovo*;2020;2665.079
GAE;KTOE;XK;Kosovo*;2021;2887.992
GAE;KTOE;XK;Kosovo*;2022;2662.158
GAE;KTOE;XK;Kosovo*;2023;2552.322
NRGSUP;KTOE;AL;Albania;2004;2189.122
NRGSUP;KTOE;AL;Albania;2005;2192.158
NRGSUP;KTOE;AL;Albania;2006;2136.110
NRGSUP;KTOE;AL;Albania;2007;2037.011
NRGSUP;KTOE;AL;Albania;2008;2113.341
NRGSUP;KTOE;AL;Albania;2009;2151.756
NRGSUP;KTOE;AL;Albania;2010;2134.728
NRGSUP;KTOE;AL;Albania;2011;2224.767
NRGSUP;KTOE;AL;Albania;2012;2002.568
NRGSUP;KTOE;AL;Albania;2013;2343.730
NRGSUP;KTOE;AL;Albania;2014;2347.117
NRGSUP;KTOE;AL;Albania;2015;2196.150
NRGSUP;KTOE;AL;Albania;2016;2264.689
NRGSUP;KTOE;AL;Albania;2017;2367.990
NRGSUP;KTOE;AL;Albania;2018;2359.535
NRGSUP;KTOE;AL;Albania;2019;2333.185
NRGSUP;KTOE;AL;Albania;2020;2166.847
NRGSUP;KTOE;AL;Albania;2021;2281.204
NRGSUP;KTOE;AL;Albania;2022;2171.506
NRGSUP;KTOE;AL;Albania;2023;2143.888
NRGSUP;KTOE;AT;Austria;2004;32507.505
NRGSUP;KTOE;AT;Austria;2005;33735.641
NRGSUP;KTOE;AT;Austria;2006;34018.889
NRGSUP;KTOE;AT;Austria;2007;33384.038
NRGSUP;KTOE;AT;Austria;2008;33654.856
NRGSUP;KTOE;AT;Austria;2009;32012.060
NRGSUP;KTOE;AT;Austria;2010;34165.928
NRGSUP;KTOE;AT;Austria;2011;33120.811
NRGSUP;KTOE;AT;Austria;2012;33041.368
NRGSUP;KTOE;AT;Austria;2013;33467.556
NRGSUP;KTOE;AT;Austria;2014;32270.341
NRGSUP;KTOE;AT;Austria;2015;33027.980
NRGSUP;KTOE;AT;Austria;2016;33429.285
NRGSUP;KTOE;AT;Austria;2017;34070.053
NRGSUP;KTOE;AT;Austria;2018;33184.811
NRGSUP;KTOE;AT;Austria;2019;33808.518
NRGSUP;KTOE;AT;Austria;2020;31971.269
NRGSUP;KTOE;AT;Austria;2021;33753.843
NRGSUP;KTOE;AT;Austria;2022;32112.497
NRGSUP;KTOE;AT;Austria;2023;31151.025
NRGSUP;KTOE;BA;Bosnia and Herzegovina;2014;5998.422
NRGSUP;KTOE;BA;Bosnia and Herzegovina;2015;6176.764
NRGSUP;KTOE;BA;Bosnia and Herzegovina;2016;6756.626
NRGSUP;KTOE;BA;Bosnia and Herzegovina;2017;6743.965
NRGSUP;KTOE;BA;Bosnia and Herzegovina;2018;7470.571
NRGSUP;KTOE;BA;Bosnia and Herzegovina;2019;7220.822
NRGSUP;KTOE;BA;Bosnia and Herzegovina;2020;7104.379
NRGSUP;KTOE;BA;Bosnia and Herzegovina;2021;7359.713
NRGSUP;KTOE;BA;Bosnia and Herzegovina;2022;7279.512
NRGSUP;KTOE;BA;Bosnia and Herzegovina;2023;6918.836
NRGSUP;KTOE;BE;Belgium;2004;58450.341
NRGSUP;KTOE;BE;Belgium;2005;58129.446
NRGSUP;KTOE;BE;Belgium;2006;57412.590
NRGSUP;KTOE;BE;Belgium;2007;56304.575
NRGSUP;KTOE;BE;Belgium;2008;58074.460
NRGSUP;KTOE;BE;Belgium;2009;55350.647
NRGSUP;KTOE;BE;Belgium;2010;59297.754
NRGSUP;KTOE;BE;Belgium;2011;55177.125
NRGSUP;KTOE;BE;Belgium;2012;52993.133
NRGSUP;KTOE;BE;Belgium;2013;55212.250
NRGSUP;KTOE;BE;Belgium;2014;52292.301
NRGSUP;KTOE;BE;Belgium;2015;52236.174
NRGSUP;KTOE;BE;Belgium;2016;55044.281
NRGSUP;KTOE;BE;Belgium;2017;54849.071
NRGSUP;KTOE;BE;Belgium;2018;53022.951
NRGSUP;KTOE;BE;Belgium;2019;54405.231
NRGSUP;KTOE;BE;Belgium;2020;50246.694
NRGSUP;KTOE;BE;Belgium;2021;55087.801
NRGSUP;KTOE;BE;Belgium;2022;50333.049
NRGSUP;KTOE;BE;Belgium;2023;47223.846
NRGSUP;KTOE;BG;Bulgaria;2004;18811.201
NRGSUP;KTOE;BG;Bulgaria;2005;19892.423
NRGSUP;KTOE;BG;Bulgaria;2006;20510.565
NRGSUP;KTOE;BG;Bulgaria;2007;20168.797
NRGSUP;KTOE;BG;Bulgaria;2008;19823.899
NRGSUP;KTOE;BG;Bulgaria;2009;17418.998
NRGSUP;KTOE;BG;Bulgaria;2010;17748.480
NRGSUP;KTOE;BG;Bulgaria;2011;19030.567
NRGSUP;KTOE;BG;Bulgaria;2012;18231.765
NRGSUP;KTOE;BG;Bulgaria;2013;16926.060
NRGSUP;KTOE;BG;Bulgaria;2014;17704.737
NRGSUP;KTOE;BG;Bulgaria;2015;18504.383
NRGSUP;KTOE;BG;Bulgaria;2016;18081.015
NRGSUP;KTOE;BG;Bulgaria;2017;18697.785
NRGSUP;KTOE;BG;Bulgaria;2018;18605.594
NRGSUP;KTOE;BG;Bulgaria;2019;18434.751
NRGSUP;KTOE;BG;Bulgaria;2020;17576.063
NRGSUP;KTOE;BG;Bulgaria;2021;19121.850
NRGSUP;KTOE;BG;Bulgaria;2022;19348.531
NRGSUP;KTOE;BG;Bulgaria;2023;17090.572
NRGSUP;KTOE;CY;Cyprus;2004;2202.150
NRGSUP;KTOE;CY;Cyprus;2005;2241.949
NRGSUP;KTOE;CY;Cyprus;2006;2331.685
NRGSUP;KTOE;CY;Cyprus;2007;2463.162
NRGSUP;KTOE;CY;Cyprus;2008;2620.609
NRGSUP;KTOE;CY;Cyprus;2009;2567.439
NRGSUP;KTOE;CY;Cyprus;2010;2476.303
NRGSUP;KTOE;CY;Cyprus;2011;2403.869
NRGSUP;KTOE;CY;Cyprus;2012;2262.439
NRGSUP;KTOE;CY;Cyprus;2013;1955.962
NRGSUP;KTOE;CY;Cyprus;2014;2003.342
NRGSUP;KTOE;CY;Cyprus;2015;2054.544
NRGSUP;KTOE;CY;Cyprus;2016;2188.570
NRGSUP;KTOE;CY;Cyprus;2017;2259.845
NRGSUP;KTOE;CY;Cyprus;2018;2308.403
NRGSUP;KTOE;CY;Cyprus;2019;2315.130
NRGSUP;KTOE;CY;Cyprus;2020;2187.784
NRGSUP;KTOE;CY;Cyprus;2021;2251.763
NRGSUP;KTOE;CY;Cyprus;2022;2306.329
NRGSUP;KTOE;CY;Cyprus;2023;2306.258
NRGSUP;KTOE;CZ;Czechia;2004;45697.236
NRGSUP;KTOE;CZ;Czechia;2005;45220.081
NRGSUP;KTOE;CZ;Czechia;2006;46230.051
NRGSUP;KTOE;CZ;Czechia;2007;46121.305
NRGSUP;KTOE;CZ;Czechia;2008;45254.788
NRGSUP;KTOE;CZ;Czechia;2009;42501.457
NRGSUP;KTOE;CZ;Czechia;2010;45151.911
NRGSUP;KTOE;CZ;Czechia;2011;43306.620
NRGSUP;KTOE;CZ;Czechia;2012;42947.748
NRGSUP;KTOE;CZ;Czechia;2013;43161.919
NRGSUP;KTOE;CZ;Czechia;2014;41719.164
NRGSUP;KTOE;CZ;Czechia;2015;41756.676
NRGSUP;KTOE;CZ;Czechia;2016;41342.607
NRGSUP;KTOE;CZ;Czechia;2017;43107.399
NRGSUP;KTOE;CZ;Czechia;2018;43228.743
NRGSUP;KTOE;CZ;Czechia;2019;42514.929
NRGSUP;KTOE;CZ;Czechia;2020;40205.287
NRGSUP;KTOE;CZ;Czechia;2021;42573.974
NRGSUP;KTOE;CZ;Czechia;2022;41583.337
NRGSUP;KTOE;CZ;Czechia;2023;38098.293
NRGSUP;KTOE;DE;Germany;2004;340909.624
NRGSUP;KTOE;DE;Germany;2005;339031.160
NRGSUP;KTOE;DE;Germany;2006;349207.463
NRGSUP;KTOE;DE;Germany;2007;331311.589
NRGSUP;KTOE;DE;Germany;2008;335474.274
NRGSUP;KTOE;DE;Germany;2009;313472.064
NRGSUP;KTOE;DE;Germany;2010;330303.551
NRGSUP;KTOE;DE;Germany;2011;313107.906
NRGSUP;KTOE;DE;Germany;2012;315440.699
NRGSUP;KTOE;DE;Germany;2013;322440.619
NRGSUP;KTOE;DE;Germany;2014;308553.144
NRGSUP;KTOE;DE;Germany;2015;310082.463
NRGSUP;KTOE;DE;Germany;2016;311411.038
NRGSUP;KTOE;DE;Germany;2017;312465.059
NRGSUP;KTOE;DE;Germany;2018;305036.733
NRGSUP;KTOE;DE;Germany;2019;298401.223
NRGSUP;KTOE;DE;Germany;2020;280330.894
NRGSUP;KTOE;DE;Germany;2021;290326.950
NRGSUP;KTOE;DE;Germany;2022;273308.943
NRGSUP;KTOE;DE;Germany;2023;245962.298
NRGSUP;KTOE;DK;Denmark;2004;19515.580
NRGSUP;KTOE;DK;Denmark;2005;18956.934
NRGSUP;KTOE;DK;Denmark;2006;20363.739
NRGSUP;KTOE;DK;Denmark;2007;19890.416
NRGSUP;KTOE;DK;Denmark;2008;19337.792
NRGSUP;KTOE;DK;Denmark;2009;18660.289
NRGSUP;KTOE;DK;Denmark;2010;19521.311
NRGSUP;KTOE;DK;Denmark;2011;18114.789
NRGSUP;KTOE;DK;Denmark;2012;17327.781
NRGSUP;KTOE;DK;Denmark;2013;17439.277
NRGSUP;KTOE;DK;Denmark;2014;16439.559
NRGSUP;KTOE;DK;Denmark;2015;16382.299
NRGSUP;KTOE;DK;Denmark;2016;16798.161
NRGSUP;KTOE;DK;Denmark;2017;16890.714
NRGSUP;KTOE;DK;Denmark;2018;16873.809
NRGSUP;KTOE;DK;Denmark;2019;16318.062
NRGSUP;KTOE;DK;Denmark;2020;15693.913
NRGSUP;KTOE;DK;Denmark;2021;16517.043
NRGSUP;KTOE;DK;Denmark;2022;15759.235
NRGSUP;KTOE;DK;Denmark;2023;15415.999
NRGSUP;KTOE;EE;Estonia;2004;5363.128
NRGSUP;KTOE;EE;Estonia;2005;5444.698
NRGSUP;KTOE;EE;Estonia;2006;5397.419
NRGSUP;KTOE;EE;Estonia;2007;6316.504
NRGSUP;KTOE;EE;Estonia;2008;5528.161
NRGSUP;KTOE;EE;Estonia;2009;4398.795
NRGSUP;KTOE;EE;Estonia;2010;5890.755
NRGSUP;KTOE;EE;Estonia;2011;5725.040
NRGSUP;KTOE;EE;Estonia;2012;5228.464
NRGSUP;KTOE;EE;Estonia;2013;5839.319
NRGSUP;KTOE;EE;Estonia;2014;5538.862
NRGSUP;KTOE;EE;Estonia;2015;4800.803
NRGSUP;KTOE;EE;Estonia;2016;5978.413
NRGSUP;KTOE;EE;Estonia;2017;5853.264
NRGSUP;KTOE;EE;Estonia;2018;5648.229
NRGSUP;KTOE;EE;Estonia;2019;4848.194
NRGSUP;KTOE;EE;Estonia;2020;4472.653
NRGSUP;KTOE;EE;Estonia;2021;4564.345
NRGSUP;KTOE;EE;Estonia;2022;4796.355
NRGSUP;KTOE;EE;Estonia;2023;4206.437
NRGSUP;KTOE;EL;Greece;2004;29727.311
NRGSUP;KTOE;EL;Greece;2005;30261.710
NRGSUP;KTOE;EL;Greece;2006;30231.997
NRGSUP;KTOE;EL;Greece;2007;30178.181
NRGSUP;KTOE;EL;Greece;2008;30404.910
NRGSUP;KTOE;EL;Greece;2009;29486.955
NRGSUP;KTOE;EL;Greece;2010;27664.517
NRGSUP;KTOE;EL;Greece;2011;26797.816
NRGSUP;KTOE;EL;Greece;2012;26603.895
NRGSUP;KTOE;EL;Greece;2013;23395.055
NRGSUP;KTOE;EL;Greece;2014;23216.752
NRGSUP;KTOE;EL;Greece;2015;23264.675
NRGSUP;KTOE;EL;Greece;2016;22775.802
NRGSUP;KTOE;EL;Greece;2017;23407.972
NRGSUP;KTOE;EL;Greece;2018;22748.616
NRGSUP;KTOE;EL;Greece;2019;22423.526
NRGSUP;KTOE;EL;Greece;2020;20093.116
NRGSUP;KTOE;EL;Greece;2021;20814.067
NRGSUP;KTOE;EL;Greece;2022;20691.700
NRGSUP;KTOE;EL;Greece;2023;19780.147
NRGSUP;KTOE;ES;Spain;2004;138427.300
NRGSUP;KTOE;ES;Spain;2005;141291.424
NRGSUP;KTOE;ES;Spain;2006;141333.278
NRGSUP;KTOE;ES;Spain;2007;143394.901
NRGSUP;KTOE;ES;Spain;2008;138166.044
NRGSUP;KTOE;ES;Spain;2009;126991.094
NRGSUP;KTOE;ES;Spain;2010;126995.930
NRGSUP;KTOE;ES;Spain;2011;125769.698
NRGSUP;KTOE;ES;Spain;2012;125379.024
NRGSUP;KTOE;ES;Spain;2013;117058.710
NRGSUP;KTOE;ES;Spain;2014;114522.741
NRGSUP;KTOE;ES;Spain;2015;118954.380
NRGSUP;KTOE;ES;Spain;2016;119715.840
NRGSUP;KTOE;ES;Spain;2017;125876.951
NRGSUP;KTOE;ES;Spain;2018;125486.607
NRGSUP;KTOE;ES;Spain;2019;121939.720
NRGSUP;KTOE;ES;Spain;2020;110214.255
NRGSUP;KTOE;ES;Spain;2021;116242.897
NRGSUP;KTOE;ES;Spain;2022;116201.915
NRGSUP;KTOE;ES;Spain;2023;112390.219
NRGSUP;KTOE;EU27_2020;European Union - 27 countries (from 2020);2004;1566974.796
NRGSUP;KTOE;EU27_2020;European Union - 27 countries (from 2020);2005;1572644.474
NRGSUP;KTOE;EU27_2020;European Union - 27 countries (from 2020);2006;1584905.851
NRGSUP;KTOE;EU27_2020;European Union - 27 countries (from 2020);2007;1562570.513
NRGSUP;KTOE;EU27_2020;European Union - 27 countries (from 2020);2008;1558009.134
NRGSUP;KTOE;EU27_2020;European Union - 27 countries (from 2020);2009;1466978.313
NRGSUP;KTOE;EU27_2020;European Union - 27 countries (from 2020);2010;1527533.729
NRGSUP;KTOE;EU27_2020;European Union - 27 countries (from 2020);2011;1478883.591
NRGSUP;KTOE;EU27_2020;European Union - 27 countries (from 2020);2012;1460362.936
NRGSUP;KTOE;EU27_2020;European Union - 27 countries (from 2020);2013;1445463.876
NRGSUP;KTOE;EU27_2020;European Union - 27 countries (from 2020);2014;1394015.000
NRGSUP;KTOE;EU27_2020;European Union - 27 countries (from 2020);2015;1413366.556
NRGSUP;KTOE;EU27_2020;European Union - 27 countries (from 2020);2016;1423882.449
NRGSUP;KTOE;EU27_2020;European Union - 27 countries (from 2020);2017;1452333.337
NRGSUP;KTOE;EU27_2020;European Union - 27 countries (from 2020);2018;1440242.768
NRGSUP;KTOE;EU27_2020;European Union - 27 countries (from 2020);2019;1415620.669
NRGSUP;KTOE;EU27_2020;European Union - 27 countries (from 2020);2020;1322366.848
NRGSUP;KTOE;EU27_2020;European Union - 27 countries (from 2020);2021;1400159.190
NRGSUP;KTOE;EU27_2020;European Union - 27 countries (from 2020);2022;1319656.860
NRGSUP;KTOE;EU27_2020;European Union - 27 countries (from 2020);2023;1260937.298
NRGSUP;KTOE;FI;Finland;2004;37314.381
NRGSUP;KTOE;FI;Finland;2005;34422.467
NRGSUP;KTOE;FI;Finland;2006;37477.258
NRGSUP;KTOE;FI;Finland;2007;36876.126
NRGSUP;KTOE;FI;Finland;2008;35387.592
NRGSUP;KTOE;FI;Finland;2009;33102.440
NRGSUP;KTOE;FI;Finland;2010;36250.333
NRGSUP;KTOE;FI;Finland;2011;34795.937
NRGSUP;KTOE;FI;Finland;2012;33555.392
NRGSUP;KTOE;FI;Finland;2013;32985.287
NRGSUP;KTOE;FI;Finland;2014;33720.799
NRGSUP;KTOE;FI;Finland;2015;32022.519
NRGSUP;KTOE;FI;Finland;2016;33221.313
NRGSUP;KTOE;FI;Finland;2017;33574.369
NRGSUP;KTOE;FI;Finland;2018;34131.262
NRGSUP;KTOE;FI;Finland;2019;33369.792
NRGSUP;KTOE;FI;Finland;2020;31840.931
NRGSUP;KTOE;FI;Finland;2021;33429.335
NRGSUP;KTOE;FI;Finland;2022;31962.514
NRGSUP;KTOE;FI;Finland;2023;32511.136
NRGSUP;KTOE;FR;France;2004;270464.293
NRGSUP;KTOE;FR;France;2005;271724.384
NRGSUP;KTOE;FR;France;2006;267466.791
NRGSUP;KTOE;FR;France;2007;264774.813
NRGSUP;KTOE;FR;France;2008;266265.985
NRGSUP;KTOE;FR;France;2009;256163.960
NRGSUP;KTOE;FR;France;2010;264200.164
NRGSUP;KTOE;FR;France;2011;257133.351
NRGSUP;KTOE;FR;France;2012;257696.274
NRGSUP;KTOE;FR;France;2013;259317.319
NRGSUP;KTOE;FR;France;2014;249072.501
NRGSUP;KTOE;FR;France;2015;253629.951
NRGSUP;KTOE;FR;France;2016;249300.843
NRGSUP;KTOE;FR;France;2017;249301.178
NRGSUP;KTOE;FR;France;2018;247714.242
NRGSUP;KTOE;FR;France;2019;244377.363
NRGSUP;KTOE;FR;France;2020;221358.822
NRGSUP;KTOE;FR;France;2021;239728.259
NRGSUP;KTOE;FR;France;2022;215445.191
NRGSUP;KTOE;FR;France;2023;219086.619
NRGSUP;KTOE;GE;Georgia;2013;4159.633
NRGSUP;KTOE;GE;Georgia;2014;4440.201
NRGSUP;KTOE;GE;Georgia;2015;4690.718
NRGSUP;KTOE;GE;Georgia;2016;4847.596
NRGSUP;KTOE;GE;Georgia;2017;4894.047
NRGSUP;KTOE;GE;Georgia;2018;4851.522
NRGSUP;KTOE;GE;Georgia;2019;5101.024
NRGSUP;KTOE;GE;Georgia;2020;4941.465
NRGSUP;KTOE;GE;Georgia;2021;5288.346
NRGSUP;KTOE;GE;Georgia;2022;5730.543
NRGSUP;KTOE;GE;Georgia;2023;5686.327
NRGSUP;KTOE;HR;Croatia;2004;9587.281
NRGSUP;KTOE;HR;Croatia;2005;9739.803
NRGSUP;KTOE;HR;Croatia;2006;9686.866
NRGSUP;KTOE;HR;Croatia;2007;10065.763
NRGSUP;KTOE;HR;Croatia;2008;9812.477
NRGSUP;KTOE;HR;Croatia;2009;9473.440
NRGSUP;KTOE;HR;Croatia;2010;9372.252
NRGSUP;KTOE;HR;Croatia;2011;9156.651
NRGSUP;KTOE;HR;Croatia;2012;8614.754
NRGSUP;KTOE;HR;Croatia;2013;8434.858
NRGSUP;KTOE;HR;Croatia;2014;8030.511
NRGSUP;KTOE;HR;Croatia;2015;8387.910
NRGSUP;KTOE;HR;Croatia;2016;8454.603
NRGSUP;KTOE;HR;Croatia;2017;8734.018
NRGSUP;KTOE;HR;Croatia;2018;8491.654
NRGSUP;KTOE;HR;Croatia;2019;8589.513
NRGSUP;KTOE;HR;Croatia;2020;8248.778
NRGSUP;KTOE;HR;Croatia;2021;8596.096
NRGSUP;KTOE;HR;Croatia;2022;8322.109
NRGSUP;KTOE;HR;Croatia;2023;8642.862
NRGSUP;KTOE;HU;Hungary;2004;26210.192
NRGSUP;KTOE;HU;Hungary;2005;28249.702
NRGSUP;KTOE;HU;Hungary;2006;27936.004
NRGSUP;KTOE;HU;Hungary;2007;27354.021
NRGSUP;KTOE;HU;Hungary;2008;26900.702
NRGSUP;KTOE;HU;Hungary;2009;25609.629
NRGSUP;KTOE;HU;Hungary;2010;26362.697
NRGSUP;KTOE;HU;Hungary;2011;25829.901
NRGSUP;KTOE;HU;Hungary;2012;24604.502
NRGSUP;KTOE;HU;Hungary;2013;23757.412
NRGSUP;KTOE;HU;Hungary;2014;23652.512
NRGSUP;KTOE;HU;Hungary;2015;25028.528
NRGSUP;KTOE;HU;Hungary;2016;25327.380
NRGSUP;KTOE;HU;Hungary;2017;26432.948
NRGSUP;KTOE;HU;Hungary;2018;26428.293
NRGSUP;KTOE;HU;Hungary;2019;26426.110
NRGSUP;KTOE;HU;Hungary;2020;26038.115
NRGSUP;KTOE;HU;Hungary;2021;27252.370
NRGSUP;KTOE;HU;Hungary;2022;25521.535
NRGSUP;KTOE;HU;Hungary;2023;23998.402
NRGSUP;KTOE;IE;Ireland;2004;14383.556
NRGSUP;KTOE;IE;Ireland;2005;14654.501
NRGSUP;KTOE;IE;Ireland;2006;14720.521
NRGSUP;KTOE;IE;Ireland;2007;15119.957
NRGSUP;KTOE;IE;Ireland;2008;15026.094
NRGSUP;KTOE;IE;Ireland;2009;14627.307
NRGSUP;KTOE;IE;Ireland;2010;14326.937
NRGSUP;KTOE;IE;Ireland;2011;13187.624
NRGSUP;KTOE;IE;Ireland;2012;13445.788
NRGSUP;KTOE;IE;Ireland;2013;12664.304
NRGSUP;KTOE;IE;Ireland;2014;12663.532
NRGSUP;KTOE;IE;Ireland;2015;13329.240
NRGSUP;KTOE;IE;Ireland;2016;14089.163
NRGSUP;KTOE;IE;Ireland;2017;13819.009
NRGSUP;KTOE;IE;Ireland;2018;13803.627
NRGSUP;KTOE;IE;Ireland;2019;13866.056
NRGSUP;KTOE;IE;Ireland;2020;13393.551
NRGSUP;KTOE;IE;Ireland;2021;13832.252
NRGSUP;KTOE;IE;Ireland;2022;13647.821
NRGSUP;KTOE;IE;Ireland;2023;13254.670
NRGSUP;KTOE;IS;Iceland;2004;3190.365
NRGSUP;KTOE;IS;Iceland;2005;3236.512
NRGSUP;KTOE;IS;Iceland;2006;4014.995
NRGSUP;KTOE;IS;Iceland;2007;4744.836
NRGSUP;KTOE;IS;Iceland;2008;5517.470
NRGSUP;KTOE;IS;Iceland;2009;5723.199
NRGSUP;KTOE;IS;Iceland;2010;5418.214
NRGSUP;KTOE;IS;Iceland;2011;5796.473
NRGSUP;KTOE;IS;Iceland;2012;5658.035
NRGSUP;KTOE;IS;Iceland;2013;5900.127
NRGSUP;KTOE;IS;Iceland;2014;5880.121
NRGSUP;KTOE;IS;Iceland;2015;5598.487
NRGSUP;KTOE;IS;Iceland;2016;5301.070
NRGSUP;KTOE;IS;Iceland;2017;5580.871
NRGSUP;KTOE;IS;Iceland;2018;6137.121
NRGSUP;KTOE;IS;Iceland;2019;6017.862
NRGSUP;KTOE;IS;Iceland;2020;5896.639
NRGSUP;KTOE;IS;Iceland;2021;5879.216
NRGSUP;KTOE;IS;Iceland;2022;6045.680
NRGSUP;KTOE;IS;Iceland;2023;6053.678
NRGSUP;KTOE;IT;Italy;2004;183094.384
NRGSUP;KTOE;IT;Italy;2005;186448.148
NRGSUP;KTOE;IT;Italy;2006;184744.669
NRGSUP;KTOE;IT;Italy;2007;184195.636
NRGSUP;KTOE;IT;Italy;2008;181736.195
NRGSUP;KTOE;IT;Italy;2009;169574.949
NRGSUP;KTOE;IT;Italy;2010;173677.121
NRGSUP;KTOE;IT;Italy;2011;167942.217
NRGSUP;KTOE;IT;Italy;2012;161340.359
NRGSUP;KTOE;IT;Italy;2013;155390.152
NRGSUP;KTOE;IT;Italy;2014;146769.878
NRGSUP;KTOE;IT;Italy;2015;152563.263
NRGSUP;KTOE;IT;Italy;2016;150981.786
NRGSUP;KTOE;IT;Italy;2017;156093.486
NRGSUP;KTOE;IT;Italy;2018;153154.765
NRGSUP;KTOE;IT;Italy;2019;151464.153
NRGSUP;KTOE;IT;Italy;2020;140100.485
NRGSUP;KTOE;IT;Italy;2021;152286.809
NRGSUP;KTOE;IT;Italy;2022;144604.153
NRGSUP;KTOE;IT;Italy;2023;137518.695
NRGSUP;KTOE;LT;Lithuania;2004;9461.308
NRGSUP;KTOE;LT;Lithuania;2005;8936.415
NRGSUP;KTOE;LT;Lithuania;2006;8819.829
NRGSUP;KTOE;LT;Lithuania;2007;9537.869
NRGSUP;KTOE;LT;Lithuania;2008;9553.497
NRGSUP;KTOE;LT;Lithuania;2009;8806.792
NRGSUP;KTOE;LT;Lithuania;2010;7033.141
NRGSUP;KTOE;LT;Lithuania;2011;7290.526
NRGSUP;KTOE;LT;Lithuania;2012;7355.708
NRGSUP;KTOE;LT;Lithuania;2013;6946.511
NRGSUP;KTOE;LT;Lithuania;2014;6982.737
NRGSUP;KTOE;LT;Lithuania;2015;7102.764
NRGSUP;KTOE;LT;Lithuania;2016;7260.136
NRGSUP;KTOE;LT;Lithuania;2017;7587.930
NRGSUP;KTOE;LT;Lithuania;2018;7707.013
NRGSUP;KTOE;LT;Lithuania;2019;7678.847
NRGSUP;KTOE;LT;Lithuania;2020;7578.481
NRGSUP;KTOE;LT;Lithuania;2021;7886.226
NRGSUP;KTOE;LT;Lithuania;2022;7030.581
NRGSUP;KTOE;LT;Lithuania;2023;7091.640
NRGSUP;KTOE;LU;Luxembourg;2004;4279.788
NRGSUP;KTOE;LU;Luxembourg;2005;4368.979
NRGSUP;KTOE;LU;Luxembourg;2006;4319.150
NRGSUP;KTOE;LU;Luxembourg;2007;4198.901
NRGSUP;KTOE;LU;Luxembourg;2008;4200.080
NRGSUP;KTOE;LU;Luxembourg;2009;3948.403
NRGSUP;KTOE;LU;Luxembourg;2010;4212.940
NRGSUP;KTOE;LU;Luxembourg;2011;4166.321
NRGSUP;KTOE;LU;Luxembourg;2012;4088.563
NRGSUP;KTOE;LU;Luxembourg;2013;3966.254
NRGSUP;KTOE;LU;Luxembourg;2014;3816.042
NRGSUP;KTOE;LU;Luxembourg;2015;3720.585
NRGSUP;KTOE;LU;Luxembourg;2016;3682.673
NRGSUP;KTOE;LU;Luxembourg;2017;3756.180
NRGSUP;KTOE;LU;Luxembourg;2018;3890.742
NRGSUP;KTOE;LU;Luxembourg;2019;3945.022
NRGSUP;KTOE;LU;Luxembourg;2020;3420.874
NRGSUP;KTOE;LU;Luxembourg;2021;3598.085
NRGSUP;KTOE;LU;Luxembourg;2022;3171.438
NRGSUP;KTOE;LU;Luxembourg;2023;3059.045
NRGSUP;KTOE;LV;Latvia;2004;4438.166
NRGSUP;KTOE;LV;Latvia;2005;4530.219
NRGSUP;KTOE;LV;Latvia;2006;4698.953
NRGSUP;KTOE;LV;Latvia;2007;4805.279
NRGSUP;KTOE;LV;Latvia;2008;4596.796
NRGSUP;KTOE;LV;Latvia;2009;4407.645
NRGSUP;KTOE;LV;Latvia;2010;4511.793
NRGSUP;KTOE;LV;Latvia;2011;4259.457
NRGSUP;KTOE;LV;Latvia;2012;4419.055
NRGSUP;KTOE;LV;Latvia;2013;4343.138
NRGSUP;KTOE;LV;Latvia;2014;4342.844
NRGSUP;KTOE;LV;Latvia;2015;4272.070
NRGSUP;KTOE;LV;Latvia;2016;4269.072
NRGSUP;KTOE;LV;Latvia;2017;4410.875
NRGSUP;KTOE;LV;Latvia;2018;4639.662
NRGSUP;KTOE;LV;Latvia;2019;4490.407
NRGSUP;KTOE;LV;Latvia;2020;4302.708
NRGSUP;KTOE;LV;Latvia;2021;4502.005
NRGSUP;KTOE;LV;Latvia;2022;4264.782
NRGSUP;KTOE;LV;Latvia;2023;4251.344
NRGSUP;KTOE;MD;Moldova;2010;2519.738
NRGSUP;KTOE;MD;Moldova;2011;2565.780
NRGSUP;KTOE;MD;Moldova;2012;2510.028
NRGSUP;KTOE;MD;Moldova;2013;2538.526
NRGSUP;KTOE;MD;Moldova;2014;2562.194
NRGSUP;KTOE;MD;Moldova;2015;2577.636
NRGSUP;KTOE;MD;Moldova;2016;2675.233
NRGSUP;KTOE;MD;Moldova;2017;2802.061
NRGSUP;KTOE;MD;Moldova;2018;2928.689
NRGSUP;KTOE;MD;Moldova;2019;2787.043
NRGSUP;KTOE;MD;Moldova;2020;2695.927
NRGSUP;KTOE;MD;Moldova;2021;2964.279
NRGSUP;KTOE;MD;Moldova;2022;2642.730
NRGSUP;KTOE;MD;Moldova;2023;2523.967
NRGSUP;KTOE;ME;Montenegro;2005;1027.016
NRGSUP;KTOE;ME;Montenegro;2006;1136.171
NRGSUP;KTOE;ME;Montenegro;2007;1132.313
NRGSUP;KTOE;ME;Montenegro;2008;1218.171
NRGSUP;KTOE;ME;Montenegro;2009;962.426
NRGSUP;KTOE;ME;Montenegro;2010;1126.893
NRGSUP;KTOE;ME;Montenegro;2011;1123.244
NRGSUP;KTOE;ME;Montenegro;2012;1057.274
NRGSUP;KTOE;ME;Montenegro;2013;981.322
NRGSUP;KTOE;ME;Montenegro;2014;956.041
NRGSUP;KTOE;ME;Montenegro;2015;999.975
NRGSUP;KTOE;ME;Montenegro;2016;969.744
NRGSUP;KTOE;ME;Montenegro;2017;1016.123
NRGSUP;KTOE;ME;Montenegro;2018;1050.357
NRGSUP;KTOE;ME;Montenegro;2019;1087.037
NRGSUP;KTOE;ME;Montenegro;2020;1017.484
NRGSUP;KTOE;ME;Montenegro;2021;1080.295
NRGSUP;KTOE;ME;Montenegro;2022;1043.217
NRGSUP;KTOE;ME;Montenegro;2023;1072.583
NRGSUP;KTOE;MK;North Macedonia;2004;2753.358
NRGSUP;KTOE;MK;North Macedonia;2005;2916.620
NRGSUP;KTOE;MK;North Macedonia;2006;2961.216
NRGSUP;KTOE;MK;North Macedonia;2007;3093.032
NRGSUP;KTOE;MK;North Macedonia;2008;3026.045
NRGSUP;KTOE;MK;North Macedonia;2009;2814.197
NRGSUP;KTOE;MK;North Macedonia;2010;2874.137
NRGSUP;KTOE;MK;North Macedonia;2011;3118.220
NRGSUP;KTOE;MK;North Macedonia;2012;2996.132
NRGSUP;KTOE;MK;North Macedonia;2013;2772.277
NRGSUP;KTOE;MK;North Macedonia;2014;2694.823
NRGSUP;KTOE;MK;North Macedonia;2015;2646.571
NRGSUP;KTOE;MK;North Macedonia;2016;2689.800
NRGSUP;KTOE;MK;North Macedonia;2017;2742.380
NRGSUP;KTOE;MK;North Macedonia;2018;2568.515
NRGSUP;KTOE;MK;North Macedonia;2019;2833.996
NRGSUP;KTOE;MK;North Macedonia;2020;2581.041
NRGSUP;KTOE;MK;North Macedonia;2021;2659.751
NRGSUP;KTOE;MK;North Macedonia;2022;2709.572
NRGSUP;KTOE;MK;North Macedonia;2023;2714.692
NRGSUP;KTOE;MT;Malta;2004;837.525
NRGSUP;KTOE;MT;Malta;2005;847.315
NRGSUP;KTOE;MT;Malta;2006;847.678
NRGSUP;KTOE;MT;Malta;2007;865.214
NRGSUP;KTOE;MT;Malta;2008;879.712
NRGSUP;KTOE;MT;Malta;2009;804.027
NRGSUP;KTOE;MT;Malta;2010;836.672
NRGSUP;KTOE;MT;Malta;2011;831.754
NRGSUP;KTOE;MT;Malta;2012;881.478
NRGSUP;KTOE;MT;Malta;2013;776.974
NRGSUP;KTOE;MT;Malta;2014;780.250
NRGSUP;KTOE;MT;Malta;2015;641.810
NRGSUP;KTOE;MT;Malta;2016;594.334
NRGSUP;KTOE;MT;Malta;2017;685.508
NRGSUP;KTOE;MT;Malta;2018;689.847
NRGSUP;KTOE;MT;Malta;2019;736.457
NRGSUP;KTOE;MT;Malta;2020;701.898
NRGSUP;KTOE;MT;Malta;2021;722.212
NRGSUP;KTOE;MT;Malta;2022;792.142
NRGSUP;KTOE;MT;Malta;2023;789.906
NRGSUP;KTOE;NL;Netherlands;2004;81324.151
NRGSUP;KTOE;NL;Netherlands;2005;80055.099
NRGSUP;KTOE;NL;Netherlands;2006;79354.733
NRGSUP;KTOE;NL;Netherlands;2007;79027.271
NRGSUP;KTOE;NL;Netherlands;2008;78381.715
NRGSUP;KTOE;NL;Netherlands;2009;77051.256
NRGSUP;KTOE;NL;Netherlands;2010;82743.780
NRGSUP;KTOE;NL;Netherlands;2011;77009.541
NRGSUP;KTOE;NL;Netherlands;2012;77195.002
NRGSUP;KTOE;NL;Netherlands;2013;75618.986
NRGSUP;KTOE;NL;Netherlands;2014;71379.094
NRGSUP;KTOE;NL;Netherlands;2015;72680.481
NRGSUP;KTOE;NL;Netherlands;2016;74280.391
NRGSUP;KTOE;NL;Netherlands;2017;75439.956
NRGSUP;KTOE;NL;Netherlands;2018;73918.057
NRGSUP;KTOE;NL;Netherlands;2019;72248.610
NRGSUP;KTOE;NL;Netherlands;2020;69653.702
NRGSUP;KTOE;NL;Netherlands;2021;71854.700
NRGSUP;KTOE;NL;Netherlands;2022;64037.224
NRGSUP;KTOE;NL;Netherlands;2023;61859.737
NRGSUP;KTOE;NO;Norway;2004;28670.991
NRGSUP;KTOE;NO;Norway;2005;29310.680
NRGSUP;KTOE;NO;Norway;2006;29594.891
NRGSUP;KTOE;NO;Norway;2007;27801.149
NRGSUP;KTOE;NO;Norway;2008;30825.706
NRGSUP;KTOE;NO;Norway;2009;30238.269
NRGSUP;KTOE;NO;Norway;2010;32147.801
NRGSUP;KTOE;NO;Norway;2011;28040.865
NRGSUP;KTOE;NO;Norway;2012;29932.623
NRGSUP;KTOE;NO;Norway;2013;31318.242
NRGSUP;KTOE;NO;Norway;2014;28764.808
NRGSUP;KTOE;NO;Norway;2015;25820.702
NRGSUP;KTOE;NO;Norway;2016;28756.448
NRGSUP;KTOE;NO;Norway;2017;30206.434
NRGSUP;KTOE;NO;Norway;2018;30214.137
NRGSUP;KTOE;NO;Norway;2019;28793.098
NRGSUP;KTOE;NO;Norway;2020;29079.315
NRGSUP;KTOE;NO;Norway;2021;29334.408
NRGSUP;KTOE;NO;Norway;2022;26883.578
NRGSUP;KTOE;NO;Norway;2023;28150.944
NRGSUP;KTOE;PL;Poland;2004;91194.921
NRGSUP;KTOE;PL;Poland;2005;92253.971
NRGSUP;KTOE;PL;Poland;2006;97101.553
NRGSUP;KTOE;PL;Poland;2007;96706.948
NRGSUP;KTOE;PL;Poland;2008;97737.662
NRGSUP;KTOE;PL;Poland;2009;93773.106
NRGSUP;KTOE;PL;Poland;2010;101079.715
NRGSUP;KTOE;PL;Poland;2011;101147.363
NRGSUP;KTOE;PL;Poland;2012;97232.092
NRGSUP;KTOE;PL;Poland;2013;97946.668
NRGSUP;KTOE;PL;Poland;2014;94210.795
NRGSUP;KTOE;PL;Poland;2015;95192.609
NRGSUP;KTOE;PL;Poland;2016;99874.925
NRGSUP;KTOE;PL;Poland;2017;104350.895
NRGSUP;KTOE;PL;Poland;2018;108999.599
NRGSUP;KTOE;PL;Poland;2019;105022.988
NRGSUP;KTOE;PL;Poland;2020;102516.255
NRGSUP;KTOE;PL;Poland;2021;109025.777
NRGSUP;KTOE;PL;Poland;2022;103508.571
NRGSUP;KTOE;PL;Poland;2023;97093.454
NRGSUP;KTOE;PT;Portugal;2004;26023.898
NRGSUP;KTOE;PT;Portugal;2005;26683.874
NRGSUP;KTOE;PT;Portugal;2006;25320.466
NRGSUP;KTOE;PT;Portugal;2007;25354.776
NRGSUP;KTOE;PT;Portugal;2008;24716.196
NRGSUP;KTOE;PT;Portugal;2009;24359.932
NRGSUP;KTOE;PT;Portugal;2010;23505.307
NRGSUP;KTOE;PT;Portugal;2011;22854.705
NRGSUP;KTOE;PT;Portugal;2012;21439.290
NRGSUP;KTOE;PT;Portugal;2013;21463.211
NRGSUP;KTOE;PT;Portugal;2014;21749.038
NRGSUP;KTOE;PT;Portugal;2015;22542.371
NRGSUP;KTOE;PT;Portugal;2016;22371.881
NRGSUP;KTOE;PT;Portugal;2017;23362.560
NRGSUP;KTOE;PT;Portugal;2018;22670.814
NRGSUP;KTOE;PT;Portugal;2019;22447.447
NRGSUP;KTOE;PT;Portugal;2020;20877.003
NRGSUP;KTOE;PT;Portugal;2021;20878.132
NRGSUP;KTOE;PT;Portugal;2022;21196.904
NRGSUP;KTOE;PT;Portugal;2023;20485.620
NRGSUP;KTOE;RO;Romania;2004;39205.420
NRGSUP;KTOE;RO;Romania;2005;38560.464
NRGSUP;KTOE;RO;Romania;2006;39943.045
NRGSUP;KTOE;RO;Romania;2007;39681.163
NRGSUP;KTOE;RO;Romania;2008;39485.268
NRGSUP;KTOE;RO;Romania;2009;34643.009
NRGSUP;KTOE;RO;Romania;2010;34838.879
NRGSUP;KTOE;RO;Romania;2011;35606.084
NRGSUP;KTOE;RO;Romania;2012;34851.422
NRGSUP;KTOE;RO;Romania;2013;31702.468
NRGSUP;KTOE;RO;Romania;2014;31378.645
NRGSUP;KTOE;RO;Romania;2015;31633.671
NRGSUP;KTOE;RO;Romania;2016;31504.390
NRGSUP;KTOE;RO;Romania;2017;33198.650
NRGSUP;KTOE;RO;Romania;2018;33454.778
NRGSUP;KTOE;RO;Romania;2019;33052.581
NRGSUP;KTOE;RO;Romania;2020;32174.534
NRGSUP;KTOE;RO;Romania;2021;34208.754
NRGSUP;KTOE;RO;Romania;2022;31563.630
NRGSUP;KTOE;RO;Romania;2023;30675.169
NRGSUP;KTOE;RS;Serbia;2004;18051.308
NRGSUP;KTOE;RS;Serbia;2005;15998.071
NRGSUP;KTOE;RS;Serbia;2006;17012.047
NRGSUP;KTOE;RS;Serbia;2007;16553.003
NRGSUP;KTOE;RS;Serbia;2008;16822.905
NRGSUP;KTOE;RS;Serbia;2009;15187.789
NRGSUP;KTOE;RS;Serbia;2010;15564.119
NRGSUP;KTOE;RS;Serbia;2011;16276.137
NRGSUP;KTOE;RS;Serbia;2012;14566.606
NRGSUP;KTOE;RS;Serbia;2013;14895.691
NRGSUP;KTOE;RS;Serbia;2014;13287.293
NRGSUP;KTOE;RS;Serbia;2015;14744.285
NRGSUP;KTOE;RS;Serbia;2016;15313.003
NRGSUP;KTOE;RS;Serbia;2017;15615.634
NRGSUP;KTOE;RS;Serbia;2018;15387.931
NRGSUP;KTOE;RS;Serbia;2019;15274.777
NRGSUP;KTOE;RS;Serbia;2020;15870.980
NRGSUP;KTOE;RS;Serbia;2021;16118.243
NRGSUP;KTOE;RS;Serbia;2022;16276.746
NRGSUP;KTOE;RS;Serbia;2023;15767.812
NRGSUP;KTOE;SE;Sweden;2004;52034.162
NRGSUP;KTOE;SE;Sweden;2005;50764.173
NRGSUP;KTOE;SE;Sweden;2006;49442.003
NRGSUP;KTOE;SE;Sweden;2007;49192.939
NRGSUP;KTOE;SE;Sweden;2008;48807.220
NRGSUP;KTOE;SE;Sweden;2009;44092.806
NRGSUP;KTOE;SE;Sweden;2010;49753.189
NRGSUP;KTOE;SE;Sweden;2011;50080.910
NRGSUP;KTOE;SE;Sweden;2012;49985.371
NRGSUP;KTOE;SE;Sweden;2013;49087.811
NRGSUP;KTOE;SE;Sweden;2014;48581.330
NRGSUP;KTOE;SE;Sweden;2015;46267.570
NRGSUP;KTOE;SE;Sweden;2016;48251.609
NRGSUP;KTOE;SE;Sweden;2017;49373.801
NRGSUP;KTOE;SE;Sweden;2018;50095.498
NRGSUP;KTOE;SE;Sweden;2019;48807.153
NRGSUP;KTOE;SE;Sweden;2020;44419.328
NRGSUP;KTOE;SE;Sweden;2021;46797.276
NRGSUP;KTOE;SE;Sweden;2022;45200.692
NRGSUP;KTOE;SE;Sweden;2023;44522.795
NRGSUP;KTOE;SI;Slovenia;2004;7277.184
NRGSUP;KTOE;SI;Slovenia;2005;7539.862
NRGSUP;KTOE;SI;Slovenia;2006;7488.221
NRGSUP;KTOE;SI;Slovenia;2007;7573.833
NRGSUP;KTOE;SI;Slovenia;2008;7982.687
NRGSUP;KTOE;SI;Slovenia;2009;7035.126
NRGSUP;KTOE;SI;Slovenia;2010;7225.532
NRGSUP;KTOE;SI;Slovenia;2011;7215.383
NRGSUP;KTOE;SI;Slovenia;2012;6937.172
NRGSUP;KTOE;SI;Slovenia;2013;6754.872
NRGSUP;KTOE;SI;Slovenia;2014;6527.886
NRGSUP;KTOE;SI;Slovenia;2015;6479.797
NRGSUP;KTOE;SI;Slovenia;2016;6698.763
NRGSUP;KTOE;SI;Slovenia;2017;6890.862
NRGSUP;KTOE;SI;Slovenia;2018;6821.909
NRGSUP;KTOE;SI;Slovenia;2019;6716.129
NRGSUP;KTOE;SI;Slovenia;2020;6331.795
NRGSUP;KTOE;SI;Slovenia;2021;6536.268
NRGSUP;KTOE;SI;Slovenia;2022;6353.206
NRGSUP;KTOE;SI;Slovenia;2023;6061.089
NRGSUP;KTOE;SK;Slovakia;2004;18232.810
NRGSUP;KTOE;SK;Slovakia;2005;18659.632
NRGSUP;KTOE;SK;Slovakia;2006;18500.435
NRGSUP;KTOE;SK;Slovakia;2007;17706.536
NRGSUP;KTOE;SK;Slovakia;2008;18199.463
NRGSUP;KTOE;SK;Slovakia;2009;16644.688
NRGSUP;KTOE;SK;Slovakia;2010;18386.837
NRGSUP;KTOE;SK;Slovakia;2011;17821.625
NRGSUP;KTOE;SK;Slovakia;2012;17264.398
NRGSUP;KTOE;SK;Slovakia;2013;17410.924
NRGSUP;KTOE;SK;Slovakia;2014;16095.663
NRGSUP;KTOE;SK;Slovakia;2015;16807.040
NRGSUP;KTOE;SK;Slovakia;2016;16954.175
NRGSUP;KTOE;SK;Slovakia;2017;17842.999
NRGSUP;KTOE;SK;Slovakia;2018;17486.510
NRGSUP;KTOE;SK;Slovakia;2019;16972.757
NRGSUP;KTOE;SK;Slovakia;2020;16417.660
NRGSUP;KTOE;SK;Slovakia;2021;17770.101
NRGSUP;KTOE;SK;Slovakia;2022;16592.476
NRGSUP;KTOE;SK;Slovakia;2023;16410.021
NRGSUP;KTOE;TR;Türkiye;2004;80863.959
NRGSUP;KTOE;TR;Türkiye;2005;84164.048
NRGSUP;KTOE;TR;Türkiye;2006;92860.563
NRGSUP;KTOE;TR;Türkiye;2007;100240.350
NRGSUP;KTOE;TR;Türkiye;2008;98143.967
NRGSUP;KTOE;TR;Türkiye;2009;98262.215
NRGSUP;KTOE;TR;Türkiye;2010;104128.211
NRGSUP;KTOE;TR;Türkiye;2011;111648.825
NRGSUP;KTOE;TR;Türkiye;2012;116841.300
NRGSUP;KTOE;TR;Türkiye;2013;112950.171
NRGSUP;KTOE;TR;Türkiye;2014;119587.269
NRGSUP;KTOE;TR;Türkiye;2015;128687.444
NRGSUP;KTOE;TR;Türkiye;2016;136084.750
NRGSUP;KTOE;TR;Türkiye;2017;146762.539
NRGSUP;KTOE;TR;Türkiye;2018;144189.468
NRGSUP;KTOE;TR;Türkiye;2019;145616.384
NRGSUP;KTOE;TR;Türkiye;2020;146144.231
NRGSUP;KTOE;TR;Türkiye;2021;159031.445
NRGSUP;KTOE;TR;Türkiye;2022;155395.318
NRGSUP;KTOE;TR;Türkiye;2023;157714.363
NRGSUP;KTOE;UA;Ukraine;2004;141688.351
NRGSUP;KTOE;UA;Ukraine;2005;140855.087
NRGSUP;KTOE;UA;Ukraine;2006;135292.600
NRGSUP;KTOE;UA;Ukraine;2007;139433.799
NRGSUP;KTOE;UA;Ukraine;2008;134720.041
NRGSUP;KTOE;UA;Ukraine;2009;114623.483
NRGSUP;KTOE;UA;Ukraine;2010;132521.249
NRGSUP;KTOE;UA;Ukraine;2011;126619.980
NRGSUP;KTOE;UA;Ukraine;2012;122596.581
NRGSUP;KTOE;UA;Ukraine;2013;116258.347
NRGSUP;KTOE;UA;Ukraine;2014;105759.796
NRGSUP;KTOE;UA;Ukraine;2015;92990.131
NRGSUP;KTOE;UA;Ukraine;2016;91706.406
NRGSUP;KTOE;UA;Ukraine;2017;89516.625
NRGSUP;KTOE;UA;Ukraine;2018;93550.622
NRGSUP;KTOE;UA;Ukraine;2019;89520.123
NRGSUP;KTOE;UA;Ukraine;2020;86551.030
NRGSUP;KTOE;UK;United Kingdom;2004;221767.417
NRGSUP;KTOE;UK;United Kingdom;2005;222542.422
NRGSUP;KTOE;UK;United Kingdom;2006;218909.797
NRGSUP;KTOE;UK;United Kingdom;2007;211364.701
NRGSUP;KTOE;UK;United Kingdom;2008;208268.884
NRGSUP;KTOE;UK;United Kingdom;2009;192688.975
NRGSUP;KTOE;UK;United Kingdom;2010;202071.955
NRGSUP;KTOE;UK;United Kingdom;2011;186386.165
NRGSUP;KTOE;UK;United Kingdom;2012;190890.429
NRGSUP;KTOE;UK;United Kingdom;2013;187638.193
NRGSUP;KTOE;UK;United Kingdom;2014;176632.008
NRGSUP;KTOE;UK;United Kingdom;2015;180003.492
NRGSUP;KTOE;UK;United Kingdom;2016;177369.306
NRGSUP;KTOE;UK;United Kingdom;2017;174572.870
NRGSUP;KTOE;UK;United Kingdom;2018;174024.392
NRGSUP;KTOE;UK;United Kingdom;2019;170540.288
NRGSUP;KTOE;XK;Kosovo*;2004;2008.568
NRGSUP;KTOE;XK;Kosovo*;2005;1949.698
NRGSUP;KTOE;XK;Kosovo*;2006;1970.370
NRGSUP;KTOE;XK;Kosovo*;2007;2049.066
NRGSUP;KTOE;XK;Kosovo*;2008;2219.069
NRGSUP;KTOE;XK;Kosovo*;2009;2441.891
NRGSUP;KTOE;XK;Kosovo*;2010;2504.075
NRGSUP;KTOE;XK;Kosovo*;2011;2528.132
NRGSUP;KTOE;XK;Kosovo*;2012;2369.037
NRGSUP;KTOE;XK;Kosovo*;2013;2295.802
NRGSUP;KTOE;XK;Kosovo*;2014;2215.126
NRGSUP;KTOE;XK;Kosovo*;2015;2520.271
NRGSUP;KTOE;XK;Kosovo*;2016;2699.478
NRGSUP;KTOE;XK;Kosovo*;2017;2562.653
NRGSUP;KTOE;XK;Kosovo*;2018;2581.860
NRGSUP;KTOE;XK;Kosovo*;2019;2666.421
NRGSUP;KTOE;XK;Kosovo*;2020;2662.957
NRGSUP;KTOE;XK;Kosovo*;2021;2885.557
NRGSUP;KTOE;XK;Kosovo*;2022;2658.464
NRGSUP;KTOE;XK;Kosovo*;2023;2549.952
PEC2020-2030;KTOE;UA;Ukraine;2004;134981.030
PEC2020-2030;KTOE;UA;Ukraine;2005;132654.278
PEC2020-2030;KTOE;UA;Ukraine;2006;127831.294
PEC2020-2030;KTOE;UA;Ukraine;2007;132008.780
PEC2020-2030;KTOE;UA;Ukraine;2008;127682.076
PEC2020-2030;KTOE;UA;Ukraine;2009;110576.242
PEC2020-2030;KTOE;UA;Ukraine;2010;127233.148
PEC2020-2030;KTOE;UA;Ukraine;2011;120839.207
PEC2020-2030;KTOE;UA;Ukraine;2012;116783.328
PEC2020-2030;KTOE;UA;Ukraine;2013;110453.972
PEC2020-2030;KTOE;UA;Ukraine;2014;101645.140
PEC2020-2030;KTOE;UA;Ukraine;2015;89143.423
PEC2020-2030;KTOE;UA;Ukraine;2016;88340.405
PEC2020-2030;KTOE;UA;Ukraine;2017;86700.196
PEC2020-2030;KTOE;UA;Ukraine;2018;90686.528
PEC2020-2030;KTOE;UA;Ukraine;2019;86153.549
PEC2020-2030;KTOE;UA;Ukraine;2020;82804.234
PEC2020-2030;KTOE;UK;United Kingdom;2004;221431.235
PEC2020-2030;KTOE;UK;United Kingdom;2005;223477.782
PEC2020-2030;KTOE;UK;United Kingdom;2006;220412.942
PEC2020-2030;KTOE;UK;United Kingdom;2007;214501.504
PEC2020-2030;KTOE;UK;United Kingdom;2008;211797.737
PEC2020-2030;KTOE;UK;United Kingdom;2009;195991.620
PEC2020-2030;KTOE;UK;United Kingdom;2010;205093.171
PEC2020-2030;KTOE;UK;United Kingdom;2011;190088.586
PEC2020-2030;KTOE;UK;United Kingdom;2012;195148.749
PEC2020-2030;KTOE;UK;United Kingdom;2013;191629.089
PEC2020-2030;KTOE;UK;United Kingdom;2014;180717.605
PEC2020-2030;KTOE;UK;United Kingdom;2015;182604.775
PEC2020-2030;KTOE;UK;United Kingdom;2016;179439.239
PEC2020-2030;KTOE;UK;United Kingdom;2017;177271.285
PEC2020-2030;KTOE;UK;United Kingdom;2018;177220.208
PEC2020-2030;KTOE;UK;United Kingdom;2019;174296.992
